Season,Date,HomeTeam,AwayTeam,FTHG,FTAG,FTR,HTHG,HTAG,HTR,HS,AS,HST,AST,HF,AF,HC,AC,HY,AY,HR,AR
2023-24,2023-08-11,Almeria,Vallecano,0,2,A,0,2,A,19,10,5,4,16,25,8,3,1,3,0,0
2023-24,2023-08-11,Sevilla,Valencia,1,2,A,0,0,D,9,10,3,3,15,17,8,1,3,2,1,0
2023-24,2023-08-12,Sociedad,Girona,1,1,D,1,0,H,15,6,2,1,22,9,4,1,2,5,0,0
2023-24,2023-08-12,Las Palmas,Mallorca,1,1,D,1,0,H,5,12,2,2,11,21,3,6,3,2,0,0
2023-24,2023-08-12,Ath Bilbao,Real Madrid,0,2,A,0,2,A,7,14,1,8,18,6,7,5,3,1,0,0
2023-24,2023-08-13,Celta,Osasuna,0,2,A,0,1,A,11,11,1,5,11,15,7,2,1,1,0,0
2023-24,2023-08-13,Villarreal,Betis,1,2,A,0,1,A,18,12,5,5,13,17,9,4,1,3,0,0
2023-24,2023-08-13,Getafe,Barcelona,0,0,D,0,0,D,5,14,2,4,20,11,3,4,8,2,1,1
2023-24,2023-08-14,Cadiz,Alaves,1,0,H,1,0,H,12,10,3,2,19,15,2,4,3,2,1,0
2023-24,2023-08-14,Ath Madrid,Granada,3,1,H,1,0,H,14,7,6,4,15,9,3,3,3,1,0,0
2023-24,2023-08-18,Mallorca,Villarreal,0,1,A,0,0,D,8,15,1,3,12,11,6,5,2,4,0,0
2023-24,2023-08-18,Valencia,Las Palmas,1,0,H,0,0,D,9,7,4,1,12,6,6,4,0,0,0,0
2023-24,2023-08-19,Sociedad,Celta,1,1,D,1,0,H,11,17,2,6,12,12,9,7,2,1,0,0
2023-24,2023-08-19,Almeria,Real Madrid,1,3,A,1,1,D,20,24,8,9,10,13,4,5,1,0,0,0
2023-24,2023-08-19,Osasuna,Ath Bilbao,0,2,A,0,2,A,18,8,7,2,9,14,5,3,1,5,1,1
2023-24,2023-08-20,Girona,Getafe,3,0,H,1,0,H,7,9,6,2,11,20,3,2,2,5,0,0
2023-24,2023-08-20,Barcelona,Cadiz,2,0,H,0,0,D,23,10,10,1,9,22,10,2,4,3,0,0
2023-24,2023-08-20,Betis,Ath Madrid,0,0,D,0,0,D,14,5,0,1,10,8,2,7,2,1,0,0
2023-24,2023-08-21,Alaves,Sevilla,4,3,H,2,2,D,14,12,7,2,14,13,4,4,1,2,0,0
2023-24,2023-08-21,Granada,Vallecano,0,2,A,0,0,D,14,17,7,9,14,11,5,6,2,1,1,0
2023-24,2023-08-25,Las Palmas,Sociedad,0,0,D,0,0,D,11,8,5,1,7,29,5,7,1,4,0,0
2023-24,2023-08-25,Celta,Real Madrid,0,1,A,0,0,D,13,10,4,3,19,14,3,5,2,3,0,0
2023-24,2023-08-26,Cadiz,Almeria,1,1,D,0,0,D,11,5,3,2,16,22,7,3,0,5,1,1
2023-24,2023-08-26,Granada,Mallorca,3,2,H,1,1,D,10,10,4,5,11,27,5,3,2,7,0,0
2023-24,2023-08-26,Sevilla,Girona,1,2,A,1,1,D,21,8,4,3,11,18,6,6,2,1,0,0
2023-24,2023-08-27,Villarreal,Barcelona,3,4,A,2,2,D,13,21,6,11,12,14,2,6,3,3,0,0
2023-24,2023-08-27,Valencia,Osasuna,1,2,A,0,1,A,16,7,4,2,13,12,6,3,3,4,0,0
2023-24,2023-08-27,Ath Bilbao,Betis,4,2,H,3,2,H,14,7,6,3,23,11,5,3,4,2,0,0
2023-24,2023-08-28,Getafe,Alaves,1,0,H,0,0,D,15,16,4,2,13,15,4,5,1,2,0,0
2023-24,2023-08-28,Vallecano,Ath Madrid,0,7,A,0,3,A,12,17,3,10,19,17,8,3,4,3,0,0
2023-24,2023-09-01,Cadiz,Villarreal,3,1,H,2,1,H,18,7,4,3,21,15,7,3,5,4,0,1
2023-24,2023-09-01,Almeria,Celta,2,3,A,0,2,A,16,14,5,8,9,9,6,5,1,1,0,0
2023-24,2023-09-02,Sociedad,Granada,5,3,H,2,1,H,15,8,6,5,15,14,2,5,1,5,0,0
2023-24,2023-09-02,Real Madrid,Getafe,2,1,H,0,1,A,26,6,12,2,12,16,11,1,2,6,0,0
2023-24,2023-09-02,Alaves,Valencia,1,0,H,1,0,H,7,9,1,4,18,9,1,2,4,2,0,0
2023-24,2023-09-02,Betis,Vallecano,1,0,H,0,0,D,14,15,5,6,22,20,2,3,3,5,0,0
2023-24,2023-09-03,Girona,Las Palmas,1,0,H,0,0,D,11,10,6,5,15,10,3,5,3,3,0,0
2023-24,2023-09-03,Mallorca,Ath Bilbao,0,0,D,0,0,D,8,11,2,3,12,17,3,5,0,1,0,0
2023-24,2023-09-03,Osasuna,Barcelona,1,2,A,0,1,A,11,9,3,4,6,16,8,5,1,3,1,0
2023-24,2023-09-15,Vallecano,Alaves,2,0,H,1,0,H,20,9,11,1,15,14,5,3,2,3,0,0
2023-24,2023-09-16,Ath Bilbao,Cadiz,3,0,H,0,0,D,20,5,9,4,10,20,5,4,1,4,0,0
2023-24,2023-09-16,Valencia,Ath Madrid,3,0,H,2,0,H,12,11,8,3,13,17,5,8,1,5,0,0
2023-24,2023-09-16,Celta,Mallorca,0,1,A,0,0,D,16,7,4,4,9,15,10,1,1,3,0,0
2023-24,2023-09-16,Barcelona,Betis,5,0,H,2,0,H,17,11,9,2,9,10,9,5,1,2,0,0
2023-24,2023-09-17,Getafe,Osasuna,3,2,H,1,1,D,11,8,6,3,15,11,6,3,6,2,0,0
2023-24,2023-09-17,Villarreal,Almeria,2,1,H,1,1,D,10,17,4,7,16,6,7,6,2,3,0,0
2023-24,2023-09-17,Sevilla,Las Palmas,1,0,H,0,0,D,26,12,9,2,13,12,7,3,3,5,0,0
2023-24,2023-09-17,Real Madrid,Sociedad,2,1,H,0,1,A,17,15,8,5,11,14,4,3,3,2,0,0
2023-24,2023-09-18,Granada,Girona,2,4,A,0,3,A,12,13,5,7,13,21,4,5,3,3,0,0
2023-24,2023-09-22,Alaves,Ath Bilbao,0,2,A,0,1,A,15,11,5,3,13,9,3,4,2,2,0,0
2023-24,2023-09-23,Girona,Mallorca,5,3,H,4,1,H,23,15,10,5,10,12,6,5,1,5,0,0
2023-24,2023-09-23,Osasuna,Sevilla,0,0,D,0,0,D,16,15,2,3,11,7,7,4,2,3,0,0
2023-24,2023-09-23,Barcelona,Celta,3,2,H,0,1,A,15,13,6,7,10,11,2,3,2,1,0,0
2023-24,2023-09-23,Almeria,Valencia,2,2,D,0,1,A,17,7,10,5,12,10,8,3,4,2,0,0
2023-24,2023-09-24,Sociedad,Getafe,4,3,H,1,2,A,10,10,6,7,13,24,2,1,3,2,0,0
2023-24,2023-09-24,Vallecano,Villarreal,1,1,D,1,1,D,11,13,6,6,20,18,2,8,2,3,0,1
2023-24,2023-09-24,Betis,Cadiz,1,1,D,0,1,A,21,5,7,1,10,14,11,8,2,3,0,0
2023-24,2023-09-24,Las Palmas,Granada,1,0,H,0,0,D,10,2,3,1,13,19,6,7,6,4,1,0
2023-24,2023-09-24,Ath Madrid,Real Madrid,3,1,H,2,1,H,10,20,4,5,13,10,6,11,1,3,0,0
2023-24,2023-09-26,Sevilla,Almeria,5,1,H,3,0,H,18,10,9,1,15,16,9,4,3,2,0,0
2023-24,2023-09-26,Mallorca,Barcelona,2,2,D,2,1,H,10,10,5,4,19,7,7,2,4,1,1,0
2023-24,2023-09-27,Ath Bilbao,Getafe,2,2,D,1,0,H,9,13,4,5,9,19,5,4,5,6,1,0
2023-24,2023-09-27,Real Madrid,Las Palmas,2,0,H,1,0,H,21,16,9,2,7,9,7,2,0,1,0,0
2023-24,2023-09-27,Villarreal,Girona,1,2,A,0,0,D,14,17,3,5,9,11,5,6,3,2,0,0
2023-24,2023-09-27,Cadiz,Vallecano,0,0,D,0,0,D,9,9,2,4,16,13,1,2,5,6,0,1
2023-24,2023-09-27,Valencia,Sociedad,0,1,A,0,1,A,9,2,2,1,14,17,0,2,4,7,1,0
2023-24,2023-09-28,Celta,Alaves,1,1,D,1,0,H,8,21,0,11,9,11,2,8,5,3,1,0
2023-24,2023-09-28,Granada,Betis,1,1,D,0,0,D,19,13,7,3,14,10,5,7,2,1,0,0
2023-24,2023-09-28,Osasuna,Ath Madrid,0,2,A,0,1,A,13,4,2,3,14,4,7,2,3,3,1,1
2023-24,2023-09-29,Barcelona,Sevilla,1,0,H,0,0,D,18,12,5,3,11,15,13,3,2,3,0,0
2023-24,2023-09-30,Getafe,Villarreal,0,0,D,0,0,D,22,3,9,0,19,11,6,4,2,4,0,1
2023-24,2023-09-30,Vallecano,Mallorca,2,2,D,1,1,D,19,9,5,4,12,20,5,0,2,5,0,0
2023-24,2023-09-30,Girona,Real Madrid,0,3,A,0,2,A,13,14,3,7,13,14,1,4,2,2,0,1
2023-24,2023-09-30,Sociedad,Ath Bilbao,3,0,H,1,0,H,8,18,5,3,20,9,5,7,2,2,0,0
2023-24,2023-10-01,Almeria,Granada,3,3,D,3,0,H,17,19,5,4,18,14,1,5,2,1,0,0
2023-24,2023-10-01,Alaves,Osasuna,0,2,A,0,1,A,17,10,3,3,13,13,4,2,2,3,1,0
2023-24,2023-10-01,Ath Madrid,Cadiz,3,2,H,1,2,A,18,8,9,4,5,10,5,3,1,3,0,0
2023-24,2023-10-01,Betis,Valencia,3,0,H,1,0,H,15,9,7,2,11,10,5,3,2,2,0,0
2023-24,2023-10-02,Las Palmas,Celta,2,1,H,0,0,D,16,11,5,3,13,14,4,5,2,1,0,0
2023-24,2023-10-06,Ath Bilbao,Almeria,3,0,H,1,0,H,23,4,9,1,11,7,6,2,2,0,0,0
2023-24,2023-10-07,Cadiz,Girona,0,1,A,0,0,D,8,20,2,5,12,13,5,5,1,3,1,0
2023-24,2023-10-07,Real Madrid,Osasuna,4,0,H,1,0,H,19,7,9,1,9,6,5,4,2,2,0,0
2023-24,2023-10-07,Mallorca,Valencia,1,1,D,1,1,D,9,11,5,3,17,11,3,6,2,1,0,0
2023-24,2023-10-07,Sevilla,Vallecano,2,2,D,0,2,A,22,7,6,4,16,19,12,2,5,2,0,0
2023-24,2023-10-08,Villarreal,Las Palmas,1,2,A,0,1,A,9,8,4,5,17,7,7,2,4,4,0,0
2023-24,2023-10-08,Ath Madrid,Sociedad,2,1,H,1,0,H,14,13,5,4,9,12,1,4,3,3,0,0
2023-24,2023-10-08,Alaves,Betis,1,1,D,1,1,D,15,6,5,2,13,9,5,3,3,3,0,1
2023-24,2023-10-08,Celta,Getafe,2,2,D,2,2,D,26,3,11,2,14,20,13,1,1,8,0,1
2023-24,2023-10-08,Granada,Barcelona,2,2,D,2,1,H,7,22,2,10,12,7,1,11,4,1,0,0
2023-24,2023-10-20,Osasuna,Granada,2,0,H,1,0,H,12,13,6,3,19,13,1,7,3,4,0,1
2023-24,2023-10-21,Sociedad,Mallorca,1,0,H,0,0,D,14,18,6,7,14,16,2,5,3,3,0,0
2023-24,2023-10-21,Getafe,Betis,1,1,D,1,1,D,14,13,4,3,17,11,4,8,5,2,0,0
2023-24,2023-10-21,Sevilla,Real Madrid,1,1,D,0,0,D,17,14,7,5,13,6,4,6,5,2,0,0
2023-24,2023-10-21,Celta,Ath Madrid,0,3,A,0,1,A,16,12,3,7,10,10,7,5,3,2,1,0
2023-24,2023-10-22,Las Palmas,Vallecano,0,1,A,0,0,D,12,12,6,4,13,11,10,5,4,3,0,1
2023-24,2023-10-22,Girona,Almeria,5,2,H,3,2,H,19,9,8,5,11,14,9,6,1,2,0,0
2023-24,2023-10-22,Villarreal,Alaves,1,1,D,0,0,D,12,16,3,7,15,10,9,3,4,3,0,0
2023-24,2023-10-22,Barcelona,Ath Bilbao,1,0,H,0,0,D,12,10,7,3,11,18,4,7,3,3,0,0
2023-24,2023-10-23,Valencia,Cadiz,2,0,H,2,0,H,12,5,4,4,16,16,4,6,0,3,0,1
2023-24,2023-10-27,Girona,Celta,1,0,H,0,0,D,12,4,2,2,15,12,10,1,3,2,0,0
2023-24,2023-10-28,Almeria,Las Palmas,1,2,A,0,1,A,10,10,4,3,13,19,3,2,3,1,0,0
2023-24,2023-10-28,Barcelona,Real Madrid,1,2,A,1,0,H,15,13,3,4,15,15,6,3,2,1,0,0
2023-24,2023-10-28,Mallorca,Getafe,0,0,D,0,0,D,15,8,4,0,10,25,8,3,0,1,0,0
2023-24,2023-10-28,Cadiz,Sevilla,2,2,D,2,1,H,10,20,5,10,17,12,2,4,6,4,0,0
2023-24,2023-10-29,Betis,Osasuna,2,1,H,1,0,H,9,7,2,1,10,25,6,3,3,4,0,0
2023-24,2023-10-29,Vallecano,Sociedad,2,2,D,1,1,D,16,15,7,3,17,16,4,5,3,2,0,0
2023-24,2023-10-29,Ath Bilbao,Valencia,2,2,D,1,0,H,12,11,7,5,11,10,10,4,3,1,0,0
2023-24,2023-10-29,Ath Madrid,Alaves,2,1,H,2,0,H,11,8,7,1,10,11,4,4,3,2,0,0
2023-24,2023-10-30,Granada,Villarreal,2,3,A,2,3,A,18,6,8,5,14,15,4,1,0,4,0,0
2023-24,2023-11-03,Las Palmas,Ath Madrid,2,1,H,0,0,D,9,13,3,5,12,9,3,4,0,3,0,0
2023-24,2023-11-04,Osasuna,Girona,2,4,A,1,1,D,15,11,3,4,14,10,2,7,5,3,0,0
2023-24,2023-11-04,Betis,Mallorca,2,0,H,1,0,H,22,8,3,1,13,16,6,1,1,4,0,1
2023-24,2023-11-04,Celta,Sevilla,1,1,D,1,0,H,15,13,3,5,14,10,4,6,2,5,1,0
2023-24,2023-11-04,Sociedad,Barcelona,0,1,A,0,0,D,13,12,6,4,16,8,8,3,3,3,0,0
2023-24,2023-11-05,Alaves,Almeria,1,0,H,0,0,D,23,9,3,3,13,14,12,6,2,3,0,0
2023-24,2023-11-05,Valencia,Granada,1,0,H,1,0,H,11,6,2,1,20,15,0,4,3,5,0,0
2023-24,2023-11-05,Villarreal,Ath Bilbao,2,3,A,0,3,A,17,17,6,7,11,18,9,3,4,4,0,0
2023-24,2023-11-05,Real Madrid,Vallecano,0,0,D,0,0,D,22,4,5,0,12,15,11,1,3,5,0,0
2023-24,2023-11-06,Getafe,Cadiz,1,0,H,0,0,D,13,6,3,2,18,12,6,3,7,1,1,0
2023-24,2023-11-10,Ath Bilbao,Celta,4,3,H,2,2,D,21,13,12,5,15,13,7,2,2,2,0,0
2023-24,2023-11-11,Vallecano,Girona,1,2,A,1,1,D,22,19,9,7,15,13,8,3,1,2,0,0
2023-24,2023-11-11,Almeria,Sociedad,1,3,A,0,0,D,7,18,2,6,18,19,5,5,2,2,0,0
2023-24,2023-11-11,Granada,Getafe,1,1,D,1,1,D,12,10,6,6,14,9,3,5,4,2,0,0
2023-24,2023-11-11,Osasuna,Las Palmas,1,1,D,0,0,D,11,6,3,1,25,10,8,3,1,1,0,0
2023-24,2023-11-11,Real Madrid,Valencia,5,1,H,2,0,H,16,10,7,4,7,26,4,4,1,3,0,0
2023-24,2023-11-12,Barcelona,Alaves,2,1,H,0,1,A,11,8,6,1,11,10,2,1,2,1,0,0
2023-24,2023-11-12,Sevilla,Betis,1,1,D,0,0,D,13,14,4,6,18,14,9,5,1,1,0,0
2023-24,2023-11-12,Ath Madrid,Villarreal,3,1,H,1,1,D,25,11,10,7,8,8,6,3,0,2,0,0
2023-24,2023-11-24,Alaves,Granada,3,1,H,2,0,H,8,11,5,4,10,13,6,2,1,3,0,0
2023-24,2023-11-25,Vallecano,Barcelona,1,1,D,1,0,H,10,15,4,4,23,13,1,4,3,4,0,0
2023-24,2023-11-25,Valencia,Celta,0,0,D,0,0,D,8,13,0,1,13,7,5,7,3,2,0,0
2023-24,2023-11-25,Getafe,Almeria,2,1,H,2,1,H,18,13,5,4,12,8,3,6,2,4,0,0
2023-24,2023-11-25,Ath Madrid,Mallorca,1,0,H,0,0,D,20,8,3,1,8,19,7,3,0,0,0,0
2023-24,2023-11-26,Villarreal,Osasuna,3,1,H,0,0,D,10,15,3,7,9,14,2,4,0,0,0,0
2023-24,2023-11-26,Sociedad,Sevilla,2,1,H,2,0,H,11,8,8,2,22,8,4,4,2,1,0,2
2023-24,2023-11-26,Cadiz,Real Madrid,0,3,A,0,1,A,13,14,4,5,16,16,4,4,3,3,0,0
2023-24,2023-11-26,Betis,Las Palmas,1,0,H,1,0,H,12,15,6,4,7,12,7,6,1,2,0,0
2023-24,2023-11-27,Girona,Ath Bilbao,1,1,D,0,0,D,12,13,2,6,8,16,2,6,1,1,0,0
2023-24,2023-11-29,Mallorca,Cadiz,1,1,D,1,1,D,16,6,3,3,14,18,7,0,2,3,0,0
2023-24,2023-12-01,Las Palmas,Getafe,2,0,H,1,0,H,11,12,6,4,11,9,4,4,0,5,0,1
2023-24,2023-12-02,Girona,Valencia,2,1,H,0,0,D,9,9,5,3,6,7,3,2,2,3,0,0
2023-24,2023-12-02,Ath Bilbao,Vallecano,4,0,H,1,0,H,9,11,4,3,15,11,7,2,1,2,0,0
2023-24,2023-12-02,Real Madrid,Granada,2,0,H,1,0,H,11,1,4,0,10,12,6,0,2,1,0,0
2023-24,2023-12-02,Osasuna,Sociedad,1,1,D,1,1,D,9,17,3,5,12,10,1,8,3,3,0,0
2023-24,2023-12-03,Mallorca,Alaves,0,0,D,0,0,D,7,7,3,4,16,15,5,4,4,2,0,0
2023-24,2023-12-03,Almeria,Betis,0,0,D,0,0,D,20,6,8,2,12,8,4,6,0,3,0,1
2023-24,2023-12-03,Sevilla,Villarreal,1,1,D,0,0,D,18,5,4,4,6,16,8,4,3,2,0,0
2023-24,2023-12-03,Barcelona,Ath Madrid,1,0,H,1,0,H,13,9,2,4,17,12,7,2,5,4,0,0
2023-24,2023-12-04,Celta,Cadiz,1,1,D,0,1,A,26,2,7,1,14,18,12,1,1,6,0,1
2023-24,2023-12-08,Getafe,Valencia,1,0,H,0,0,D,8,3,6,0,15,14,7,0,2,4,1,2
2023-24,2023-12-09,Alaves,Las Palmas,0,1,A,0,1,A,19,9,5,2,13,13,12,3,3,4,0,0
2023-24,2023-12-09,Betis,Real Madrid,1,1,D,0,0,D,14,12,6,2,14,7,8,6,2,1,0,0
2023-24,2023-12-09,Villarreal,Sociedad,0,3,A,0,3,A,20,16,4,5,10,22,5,3,2,1,0,0
2023-24,2023-12-09,Mallorca,Sevilla,1,0,H,1,0,H,6,19,3,5,15,6,4,12,2,2,0,0
2023-24,2023-12-10,Ath Madrid,Almeria,2,1,H,2,0,H,13,19,4,5,13,11,3,15,1,0,0,0
2023-24,2023-12-10,Cadiz,Osasuna,1,1,D,1,0,H,12,13,5,5,15,16,2,4,1,2,0,0
2023-24,2023-12-10,Barcelona,Girona,2,4,A,1,2,A,31,15,11,7,7,10,8,3,1,2,0,0
2023-24,2023-12-11,Granada,Ath Bilbao,1,1,D,0,1,A,7,19,4,4,9,11,1,8,0,2,0,0
2023-24,2023-12-11,Vallecano,Celta,0,0,D,0,0,D,17,4,4,2,15,10,8,1,3,0,0,0
2023-24,2023-12-15,Osasuna,Vallecano,1,0,H,0,0,D,10,9,4,3,20,13,9,1,2,3,0,0
2023-24,2023-12-16,Celta,Granada,1,0,H,1,0,H,11,7,4,2,20,18,7,1,6,2,1,0
2023-24,2023-12-16,Ath Bilbao,Ath Madrid,2,0,H,0,0,D,16,7,7,3,7,10,3,7,0,1,0,0
2023-24,2023-12-16,Sevilla,Getafe,0,3,A,0,2,A,12,14,4,7,18,18,4,2,3,3,0,0
2023-24,2023-12-16,Valencia,Barcelona,1,1,D,0,0,D,11,16,4,8,9,11,4,6,1,2,0,0
2023-24,2023-12-17,Almeria,Mallorca,0,0,D,0,0,D,7,20,1,2,12,9,4,4,2,1,0,0
2023-24,2023-12-17,Sociedad,Betis,0,0,D,0,0,D,12,12,4,3,12,12,3,7,3,4,0,0
2023-24,2023-12-17,Las Palmas,Cadiz,1,1,D,1,0,H,7,13,2,5,9,12,4,6,1,3,0,0
2023-24,2023-12-17,Real Madrid,Villarreal,4,1,H,2,0,H,22,3,9,1,14,12,11,0,2,3,0,0
2023-24,2023-12-18,Girona,Alaves,3,0,H,2,0,H,9,12,4,2,9,7,3,2,0,1,0,0
2023-24,2023-12-19,Vallecano,Valencia,0,1,A,0,0,D,7,8,1,3,16,18,8,1,1,5,0,1
2023-24,2023-12-19,Ath Madrid,Getafe,3,3,D,1,0,H,8,29,4,9,7,14,1,12,3,3,1,0
2023-24,2023-12-19,Granada,Sevilla,0,3,A,0,2,A,12,12,3,5,10,18,6,4,2,1,0,0
2023-24,2023-12-20,Barcelona,Almeria,3,2,H,1,1,D,30,10,11,5,16,9,12,0,3,3,0,0
2023-24,2023-12-20,Ath Bilbao,Las Palmas,1,0,H,0,0,D,19,5,10,1,12,11,5,2,1,3,0,0
2023-24,2023-12-20,Villarreal,Celta,3,2,H,2,0,H,12,15,8,5,16,15,4,7,2,4,0,0
2023-24,2023-12-21,Betis,Girona,1,1,D,0,1,A,21,12,4,4,6,9,7,6,2,2,0,0
2023-24,2023-12-21,Cadiz,Sociedad,0,0,D,0,0,D,10,8,2,1,16,15,7,5,3,1,0,0
2023-24,2023-12-21,Alaves,Real Madrid,0,1,A,0,0,D,8,9,2,4,18,13,3,3,3,1,0,1
2023-24,2023-12-21,Mallorca,Osasuna,3,2,H,1,1,D,15,12,8,7,11,12,6,0,3,1,0,0
2023-24,2023-12-23,Ath Madrid,Sevilla,1,0,H,0,0,D,12,8,4,2,12,19,6,5,7,3,1,0
2023-24,2024-01-02,Getafe,Vallecano,0,2,A,0,1,A,5,12,0,8,16,16,2,3,6,3,2,0
2023-24,2024-01-02,Sociedad,Alaves,1,1,D,0,0,D,16,7,6,2,9,17,6,4,4,4,1,0
2023-24,2024-01-02,Valencia,Villarreal,3,1,H,2,0,H,11,8,8,4,12,15,4,3,2,5,0,0
2023-24,2024-01-03,Granada,Cadiz,2,0,H,1,0,H,15,15,8,2,17,16,5,6,3,4,0,1
2023-24,2024-01-03,Celta,Betis,2,1,H,1,1,D,19,14,6,3,10,12,8,7,0,2,0,0
2023-24,2024-01-03,Real Madrid,Mallorca,1,0,H,0,0,D,17,7,5,0,5,15,5,4,2,3,0,0
2023-24,2024-01-03,Girona,Ath Madrid,4,3,H,3,2,H,17,18,9,12,8,10,7,8,0,1,0,0
2023-24,2024-01-04,Osasuna,Almeria,1,0,H,1,0,H,14,4,2,0,14,5,5,4,1,2,0,0
2023-24,2024-01-04,Sevilla,Ath Bilbao,0,2,A,0,1,A,11,15,2,6,9,19,5,4,3,1,0,0
2023-24,2024-01-04,Las Palmas,Barcelona,1,2,A,1,0,H,12,15,3,5,14,5,5,10,5,2,1,0
2023-24,2024-01-12,Sevilla,Alaves,2,3,A,0,2,A,19,16,4,8,12,13,5,4,4,3,0,0
2023-24,2024-01-13,Las Palmas,Villarreal,3,0,H,1,0,H,8,17,3,3,13,11,4,6,4,3,0,0
2023-24,2024-01-13,Mallorca,Celta,1,1,D,1,1,D,17,6,6,2,18,18,10,1,4,1,0,0
2023-24,2024-01-13,Ath Bilbao,Sociedad,2,1,H,2,0,H,10,9,3,1,16,21,5,5,1,4,0,0
2023-24,2024-01-13,Betis,Granada,1,0,H,0,0,D,25,6,6,2,11,17,13,1,3,4,0,0
2023-24,2024-01-14,Almeria,Girona,0,0,D,0,0,D,20,5,3,1,13,8,4,3,4,4,0,1
2023-24,2024-01-14,Cadiz,Valencia,1,4,A,1,1,D,10,9,2,5,15,15,3,1,4,2,0,0
2023-24,2024-01-19,Alaves,Cadiz,1,0,H,0,0,D,13,9,3,1,15,18,4,4,0,4,0,0
2023-24,2024-01-20,Vallecano,Las Palmas,0,2,A,0,1,A,16,10,3,5,19,8,12,0,3,1,1,0
2023-24,2024-01-20,Villarreal,Mallorca,1,1,D,1,0,H,18,8,5,2,13,11,4,6,2,2,1,0
2023-24,2024-01-20,Valencia,Ath Bilbao,1,0,H,0,0,D,6,6,1,3,11,14,4,2,0,3,0,0
2023-24,2024-01-20,Celta,Sociedad,0,1,A,0,1,A,6,6,2,2,12,18,6,3,1,2,0,0
2023-24,2024-01-21,Osasuna,Getafe,3,2,H,2,0,H,13,10,7,7,14,16,1,4,4,4,0,0
2023-24,2024-01-21,Real Madrid,Almeria,3,2,H,0,2,A,18,10,6,2,9,17,6,3,3,5,0,0
2023-24,2024-01-21,Betis,Barcelona,2,4,A,0,1,A,14,11,5,4,12,9,3,4,1,2,0,0
2023-24,2024-01-21,Girona,Sevilla,5,1,H,3,1,H,12,9,8,3,9,11,4,5,0,2,0,0
2023-24,2024-01-22,Granada,Ath Madrid,0,1,A,0,0,D,17,10,2,5,11,16,6,2,2,2,1,0
2023-24,2024-01-26,Almeria,Alaves,0,3,A,0,1,A,19,11,7,3,17,12,11,3,1,2,0,0
2023-24,2024-01-27,Sociedad,Vallecano,0,0,D,0,0,D,6,5,3,0,16,14,2,2,2,4,0,0
2023-24,2024-01-27,Las Palmas,Real Madrid,1,2,A,0,0,D,7,13,2,5,17,14,1,6,3,3,0,0
2023-24,2024-01-27,Barcelona,Villarreal,3,5,A,0,1,A,22,9,10,6,8,13,10,0,3,4,0,0
2023-24,2024-01-27,Mallorca,Betis,0,1,A,0,1,A,14,8,1,2,14,6,5,4,2,1,0,0
2023-24,2024-01-28,Celta,Girona,0,1,A,0,1,A,10,15,5,6,13,11,5,7,1,1,0,0
2023-24,2024-01-28,Cadiz,Ath Bilbao,0,0,D,0,0,D,9,8,2,0,13,14,6,8,4,2,0,0
2023-24,2024-01-28,Sevilla,Osasuna,1,1,D,1,0,H,10,11,5,4,19,13,2,4,3,0,1,0
2023-24,2024-01-28,Ath Madrid,Valencia,2,0,H,1,0,H,12,10,8,3,9,9,3,6,2,0,0,0
2023-24,2024-01-29,Getafe,Granada,2,0,H,2,0,H,7,16,4,3,17,11,4,3,2,1,0,0
2023-24,2024-01-31,Barcelona,Osasuna,1,0,H,0,0,D,16,9,4,1,9,12,6,6,1,2,0,1
2023-24,2024-01-31,Ath Madrid,Vallecano,2,1,H,1,1,D,8,10,3,2,11,13,5,6,0,3,0,0
2023-24,2024-02-01,Getafe,Real Madrid,0,2,A,0,1,A,10,16,2,9,16,5,2,6,1,2,0,0
2023-24,2024-02-02,Ath Bilbao,Mallorca,4,0,H,2,0,H,13,6,6,2,17,15,6,2,0,1,0,0
2023-24,2024-02-03,Valencia,Almeria,2,1,H,2,0,H,7,15,2,5,17,16,0,6,4,5,0,0
2023-24,2024-02-03,Granada,Las Palmas,1,1,D,1,0,H,3,16,1,6,6,16,2,9,4,3,1,1
2023-24,2024-02-03,Alaves,Barcelona,1,3,A,0,1,A,13,8,2,5,15,10,14,5,2,2,0,1
2023-24,2024-02-03,Girona,Sociedad,0,0,D,0,0,D,11,11,3,2,8,19,3,4,2,3,0,0
2023-24,2024-02-04,Villarreal,Cadiz,0,0,D,0,0,D,19,8,4,2,14,14,13,2,3,1,0,0
2023-24,2024-02-04,Osasuna,Celta,0,3,A,0,2,A,18,6,1,5,10,10,9,1,2,0,0,0
2023-24,2024-02-04,Betis,Getafe,1,1,D,1,1,D,9,11,3,2,9,19,3,5,7,4,0,0
2023-24,2024-02-04,Real Madrid,Ath Madrid,1,1,D,1,0,H,17,10,4,5,6,15,2,8,0,5,0,0
2023-24,2024-02-05,Vallecano,Sevilla,1,2,A,1,2,A,22,10,5,6,8,10,6,0,2,2,0,0
2023-24,2024-02-09,Cadiz,Betis,0,2,A,0,1,A,14,13,5,5,12,10,5,3,1,1,0,0
2023-24,2024-02-10,Alaves,Villarreal,1,1,D,1,1,D,17,12,4,4,7,11,10,9,0,2,0,0
2023-24,2024-02-10,Sociedad,Osasuna,0,1,A,0,0,D,21,9,3,2,11,11,7,4,0,0,0,0
2023-24,2024-02-10,Real Madrid,Girona,4,0,H,2,0,H,16,5,6,0,9,12,0,2,1,2,0,0
2023-24,2024-02-10,Las Palmas,Valencia,2,0,H,0,0,D,8,7,3,1,9,9,5,0,2,0,0,0
2023-24,2024-02-11,Getafe,Celta,3,2,H,2,0,H,11,9,4,4,16,13,0,4,1,2,0,0
2023-24,2024-02-11,Mallorca,Vallecano,2,1,H,0,0,D,8,11,5,4,17,11,5,1,4,0,0,0
2023-24,2024-02-11,Sevilla,Ath Madrid,1,0,H,1,0,H,10,16,6,5,8,5,2,7,2,1,0,0
2023-24,2024-02-11,Barcelona,Granada,3,3,D,1,1,D,11,11,6,5,13,9,6,2,1,2,0,0
2023-24,2024-02-12,Almeria,Ath Bilbao,0,0,D,0,0,D,10,12,4,4,17,15,4,10,4,1,1,0
2023-24,2024-02-16,Villarreal,Getafe,1,1,D,0,1,A,20,11,7,2,13,13,8,3,0,1,0,0
2023-24,2024-02-17,Ath Madrid,Las Palmas,5,0,H,2,0,H,13,11,7,2,19,9,3,5,2,2,0,0
2023-24,2024-02-17,Osasuna,Cadiz,2,0,H,0,0,D,11,5,4,1,20,12,5,4,4,2,0,0
2023-24,2024-02-17,Celta,Barcelona,1,2,A,0,1,A,13,14,4,4,11,13,2,5,2,4,0,0
2023-24,2024-02-17,Valencia,Sevilla,0,0,D,0,0,D,14,1,4,1,5,8,7,2,0,1,0,0
2023-24,2024-02-18,Vallecano,Real Madrid,1,1,D,1,1,D,8,11,3,4,17,7,4,10,4,3,0,1
2023-24,2024-02-18,Granada,Almeria,1,1,D,0,1,A,19,13,7,3,13,22,10,4,2,3,0,0
2023-24,2024-02-18,Mallorca,Sociedad,1,2,A,1,1,D,4,19,1,5,12,18,3,9,7,5,1,0
2023-24,2024-02-18,Betis,Alaves,0,0,D,0,0,D,13,13,2,4,13,9,6,8,5,2,0,0
2023-24,2024-02-19,Ath Bilbao,Girona,3,2,H,1,0,H,14,12,7,6,16,13,3,4,1,2,0,0
2023-24,2024-02-23,Sociedad,Villarreal,1,3,A,0,1,A,21,6,8,4,15,14,13,2,3,4,0,0
2023-24,2024-02-24,Barcelona,Getafe,4,0,H,1,0,H,17,10,9,4,12,18,5,8,1,4,0,0
2023-24,2024-02-24,Alaves,Mallorca,1,1,D,0,0,D,9,15,1,8,7,15,3,3,0,2,0,0
2023-24,2024-02-24,Almeria,Ath Madrid,2,2,D,1,1,D,9,18,4,9,13,12,2,7,1,1,0,0
2023-24,2024-02-25,Cadiz,Celta,2,2,D,0,1,A,19,7,6,3,13,20,9,1,2,3,0,0
2023-24,2024-02-25,Betis,Ath Bilbao,3,1,H,2,1,H,13,3,5,1,14,12,5,3,1,6,0,1
2023-24,2024-02-25,Las Palmas,Osasuna,1,1,D,0,0,D,9,6,3,2,6,15,6,7,2,1,0,0
2023-24,2024-02-25,Real Madrid,Sevilla,1,0,H,0,0,D,16,4,6,1,10,13,7,2,1,3,0,0
2023-24,2024-02-26,Girona,Vallecano,3,0,H,0,0,D,14,7,8,1,13,16,2,2,3,5,0,1
2023-24,2024-03-01,Celta,Almeria,1,0,H,0,0,D,15,3,6,0,8,14,7,0,1,2,0,1
2023-24,2024-03-02,Sevilla,Sociedad,3,2,H,2,1,H,12,13,5,4,12,15,2,5,1,2,0,0
2023-24,2024-03-02,Vallecano,Cadiz,1,1,D,0,0,D,9,16,5,5,14,17,4,9,1,1,0,0
2023-24,2024-03-02,Getafe,Las Palmas,3,3,D,3,1,H,16,14,5,5,28,9,4,4,4,1,0,0
2023-24,2024-03-02,Valencia,Real Madrid,2,2,D,2,1,H,12,10,5,5,18,11,2,2,2,3,0,1
2023-24,2024-03-03,Villarreal,Granada,5,1,H,3,0,H,16,9,10,3,12,15,6,4,1,2,0,0
2023-24,2024-03-03,Ath Madrid,Betis,2,1,H,2,0,H,17,12,12,6,9,12,4,6,1,2,0,0
2023-24,2024-03-03,Mallorca,Girona,1,0,H,1,0,H,16,15,2,4,19,9,8,5,5,0,0,0
2023-24,2024-03-03,Ath Bilbao,Barcelona,0,0,D,0,0,D,8,8,2,2,14,11,4,4,3,3,0,0
2023-24,2024-03-04,Osasuna,Alaves,1,0,H,0,0,D,15,10,4,4,15,11,5,5,2,1,0,0
2023-24,2024-03-08,Barcelona,Mallorca,1,0,H,0,0,D,20,9,6,3,9,14,4,1,1,1,0,0
2023-24,2024-03-09,Valencia,Getafe,1,0,H,1,0,H,10,15,3,5,10,19,5,5,2,3,0,0
2023-24,2024-03-09,Cadiz,Ath Madrid,2,0,H,1,0,H,7,8,3,4,20,15,3,1,4,5,0,0
2023-24,2024-03-09,Granada,Sociedad,2,3,A,2,1,H,13,11,6,8,17,11,4,6,1,2,0,0
2023-24,2024-03-09,Girona,Osasuna,2,0,H,1,0,H,11,7,6,1,10,16,5,7,3,3,0,0
2023-24,2024-03-10,Alaves,Vallecano,1,0,H,1,0,H,12,9,4,3,13,10,7,5,2,2,0,0
2023-24,2024-03-10,Las Palmas,Ath Bilbao,0,2,A,0,1,A,14,7,2,2,8,14,10,3,3,3,0,0
2023-24,2024-03-10,Real Madrid,Celta,4,0,H,1,0,H,24,11,13,1,8,13,12,1,2,3,0,0
2023-24,2024-03-10,Betis,Villarreal,2,3,A,2,1,H,13,6,4,4,12,17,11,4,3,4,1,1
2023-24,2024-03-11,Almeria,Sevilla,2,2,D,1,0,H,14,19,4,6,6,11,1,8,2,2,0,0
2023-24,2024-03-15,Sociedad,Cadiz,2,0,H,1,0,H,14,13,6,2,15,6,8,2,3,1,0,0
2023-24,2024-03-16,Mallorca,Granada,1,0,H,0,0,D,18,8,8,3,17,9,10,2,2,0,0,0
2023-24,2024-03-16,Osasuna,Real Madrid,2,4,A,1,2,A,9,17,4,9,18,9,5,7,3,2,0,0
2023-24,2024-03-16,Getafe,Girona,1,0,H,1,0,H,11,13,3,3,16,13,2,5,4,4,0,0
2023-24,2024-03-16,Ath Bilbao,Alaves,2,0,H,2,0,H,16,7,4,3,7,13,5,4,1,3,0,0
2023-24,2024-03-17,Sevilla,Celta,1,2,A,1,0,H,11,18,4,5,13,6,3,8,4,0,0,0
2023-24,2024-03-17,Las Palmas,Almeria,0,1,A,0,1,A,21,3,6,2,8,17,11,3,2,2,0,0
2023-24,2024-03-17,Villarreal,Valencia,1,0,H,0,0,D,13,14,7,7,12,12,6,2,5,1,0,0
2023-24,2024-03-17,Vallecano,Betis,2,0,H,1,0,H,8,11,4,1,22,16,4,8,4,4,0,0
2023-24,2024-03-17,Ath Madrid,Barcelona,0,3,A,0,1,A,12,9,3,5,15,9,7,3,3,1,1,0
2023-24,2024-03-29,Cadiz,Granada,1,0,H,0,0,D,13,10,5,2,17,14,5,2,2,4,0,0
2023-24,2024-03-30,Getafe,Sevilla,0,1,A,0,1,A,18,10,5,3,11,15,7,3,4,5,0,0
2023-24,2024-03-30,Almeria,Osasuna,0,3,A,0,2,A,12,6,5,4,12,14,6,1,3,2,0,0
2023-24,2024-03-30,Valencia,Mallorca,0,0,D,0,0,D,14,11,5,3,8,11,3,3,0,2,0,0
2023-24,2024-03-30,Barcelona,Las Palmas,1,0,H,0,0,D,14,8,2,0,11,9,6,1,5,1,0,1
2023-24,2024-03-31,Celta,Vallecano,0,0,D,0,0,D,13,8,0,2,12,16,3,2,3,3,0,0
2023-24,2024-03-31,Girona,Betis,3,2,H,1,1,D,9,7,5,4,13,14,5,4,3,4,0,0
2023-24,2024-03-31,Alaves,Sociedad,0,1,A,0,0,D,3,12,0,3,10,15,3,8,2,2,0,0
2023-24,2024-03-31,Real Madrid,Ath Bilbao,2,0,H,1,0,H,9,7,4,3,9,13,4,7,2,1,0,0
2023-24,2024-04-01,Villarreal,Ath Madrid,1,2,A,0,1,A,11,14,2,8,14,22,3,3,3,3,0,0
2023-24,2024-04-04,Granada,Valencia,0,1,A,0,0,D,13,6,3,2,20,15,5,4,3,1,0,0
2023-24,2024-04-12,Betis,Celta,2,1,H,0,0,D,15,12,3,5,7,10,6,5,1,0,0,0
2023-24,2024-04-13,Ath Madrid,Girona,3,1,H,2,1,H,17,12,4,5,18,12,2,0,3,2,0,0
2023-24,2024-04-13,Vallecano,Getafe,0,0,D,0,0,D,11,7,2,0,17,19,3,0,4,6,0,0
2023-24,2024-04-13,Mallorca,Real Madrid,0,1,A,0,0,D,6,16,2,9,18,7,4,2,2,1,0,0
2023-24,2024-04-13,Cadiz,Barcelona,0,1,A,0,1,A,14,12,3,2,17,15,8,4,3,3,0,0
2023-24,2024-04-14,Las Palmas,Sevilla,0,2,A,0,1,A,5,10,2,3,8,13,6,2,3,3,1,0
2023-24,2024-04-14,Granada,Alaves,2,0,H,2,0,H,9,8,3,3,16,11,1,5,3,2,0,0
2023-24,2024-04-14,Ath Bilbao,Villarreal,1,1,D,0,0,D,13,10,6,2,13,12,3,1,3,3,0,1
2023-24,2024-04-14,Sociedad,Almeria,2,2,D,1,1,D,17,7,4,3,16,8,5,1,2,2,1,0
2023-24,2024-04-15,Osasuna,Valencia,0,1,A,0,1,A,13,4,2,3,10,10,4,1,0,2,0,0
2023-24,2024-04-19,Ath Bilbao,Granada,1,1,D,1,1,D,17,5,6,0,11,15,11,4,4,2,0,0
2023-24,2024-04-20,Celta,Las Palmas,4,1,H,2,1,H,21,9,13,4,10,9,8,4,1,0,0,0
2023-24,2024-04-20,Vallecano,Osasuna,2,1,H,0,1,A,17,6,6,2,9,15,5,1,4,1,0,0
2023-24,2024-04-20,Valencia,Betis,1,2,A,0,1,A,8,12,5,6,18,10,7,6,2,3,0,0
2023-24,2024-04-20,Girona,Cadiz,4,1,H,2,0,H,10,12,5,5,11,14,2,4,1,2,0,0
2023-24,2024-04-21,Getafe,Sociedad,1,1,D,1,1,D,6,7,4,3,12,18,0,4,0,2,0,0
2023-24,2024-04-21,Almeria,Villarreal,1,2,A,1,1,D,24,11,5,3,10,16,5,2,3,4,1,0
2023-24,2024-04-21,Alaves,Ath Madrid,2,0,H,1,0,H,8,15,3,4,20,12,1,11,5,3,0,0
2023-24,2024-04-21,Real Madrid,Barcelona,3,2,H,1,1,D,14,14,8,6,11,12,2,8,3,2,0,0
2023-24,2024-04-22,Sevilla,Mallorca,2,1,H,0,0,D,11,8,4,6,10,8,4,4,0,2,0,0
2023-24,2024-04-26,Sociedad,Real Madrid,0,1,A,0,1,A,9,5,3,3,13,11,11,3,3,4,0,0
2023-24,2024-04-27,Las Palmas,Girona,0,2,A,0,1,A,10,6,5,3,12,10,4,2,1,3,0,0
2023-24,2024-04-27,Almeria,Getafe,1,3,A,1,1,D,21,8,11,5,15,31,9,2,5,4,1,0
2023-24,2024-04-27,Alaves,Celta,3,0,H,0,0,D,16,4,8,0,10,9,8,3,3,3,0,0
2023-24,2024-04-27,Ath Madrid,Ath Bilbao,3,1,H,1,1,D,8,7,3,1,16,15,3,5,3,2,0,0
2023-24,2024-04-28,Cadiz,Mallorca,1,1,D,0,1,A,10,9,2,2,14,21,3,1,3,2,0,0
2023-24,2024-04-28,Granada,Osasuna,3,0,H,1,0,H,12,11,4,2,17,5,0,6,4,0,0,0
2023-24,2024-04-28,Villarreal,Vallecano,3,0,H,1,0,H,15,20,7,4,15,8,3,6,2,1,0,0
2023-24,2024-04-28,Betis,Sevilla,1,1,D,1,0,H,15,10,5,1,9,20,4,6,3,5,0,0
2023-24,2024-04-29,Barcelona,Valencia,4,2,H,1,2,A,27,5,13,3,12,5,15,1,1,0,0,1
2023-24,2024-05-03,Getafe,Ath Bilbao,0,2,A,0,1,A,34,7,9,2,6,9,10,6,0,2,0,2
2023-24,2024-05-04,Sociedad,Las Palmas,2,0,H,2,0,H,9,7,4,1,12,11,7,2,2,1,0,0
2023-24,2024-05-04,Real Madrid,Cadiz,3,0,H,0,0,D,19,7,9,2,6,12,7,4,0,1,0,0
2023-24,2024-05-04,Girona,Barcelona,4,2,H,1,2,A,9,16,7,7,11,8,5,4,0,3,0,0
2023-24,2024-05-04,Mallorca,Ath Madrid,0,1,A,0,1,A,7,9,4,4,12,7,6,2,2,0,0,0
2023-24,2024-05-05,Osasuna,Betis,0,2,A,0,2,A,12,10,2,4,13,13,8,5,2,2,1,0
2023-24,2024-05-05,Celta,Villarreal,3,2,H,2,1,H,23,11,7,3,11,5,2,1,4,0,0,1
2023-24,2024-05-05,Valencia,Alaves,0,1,A,0,0,D,13,14,1,4,9,17,5,7,1,3,0,0
2023-24,2024-05-05,Sevilla,Granada,3,0,H,1,0,H,11,8,5,3,15,13,5,4,2,2,0,0
2023-24,2024-05-05,Vallecano,Almeria,0,1,A,0,1,A,27,7,10,2,17,15,9,2,3,2,0,0
2023-24,2024-05-10,Alaves,Girona,2,2,D,1,2,A,14,15,8,5,13,6,5,3,3,2,0,0
2023-24,2024-05-11,Mallorca,Las Palmas,1,0,H,1,0,H,7,7,2,1,18,10,2,2,6,2,0,0
2023-24,2024-05-11,Villarreal,Sevilla,3,2,H,1,2,A,25,8,7,4,12,14,10,1,3,5,0,0
2023-24,2024-05-11,Granada,Real Madrid,0,4,A,0,2,A,12,13,1,7,11,10,8,5,2,0,0,0
2023-24,2024-05-11,Ath Bilbao,Osasuna,2,2,D,0,1,A,15,13,6,3,9,14,8,6,2,4,0,0
2023-24,2024-05-12,Cadiz,Getafe,1,0,H,1,0,H,13,10,6,4,23,16,6,2,5,2,0,0
2023-24,2024-05-12,Ath Madrid,Celta,1,0,H,0,0,D,21,6,8,2,7,9,4,7,1,1,0,0
2023-24,2024-05-12,Valencia,Vallecano,0,0,D,0,0,D,13,12,5,1,14,21,6,3,1,2,0,0
2023-24,2024-05-12,Betis,Almeria,3,2,H,2,1,H,14,14,7,7,9,10,3,5,0,2,0,0
2023-24,2024-05-13,Barcelona,Sociedad,2,0,H,1,0,H,14,10,5,3,12,14,6,2,2,3,0,0
2023-24,2024-05-14,Osasuna,Mallorca,1,1,D,1,0,H,10,10,4,4,12,11,2,4,0,1,0,0
2023-24,2024-05-14,Real Madrid,Alaves,5,0,H,3,0,H,22,18,11,10,6,12,4,1,1,1,0,0
2023-24,2024-05-14,Girona,Villarreal,0,1,A,0,0,D,22,11,5,3,3,14,5,1,1,5,0,1
2023-24,2024-05-15,Sevilla,Cadiz,0,1,A,0,0,D,14,19,3,7,13,11,1,9,6,2,0,0
2023-24,2024-05-15,Vallecano,Granada,2,1,H,1,0,H,18,10,9,1,12,17,6,6,4,3,1,0
2023-24,2024-05-15,Celta,Ath Bilbao,2,1,H,0,1,A,10,7,4,2,15,14,2,3,2,0,0,0
2023-24,2024-05-15,Getafe,Ath Madrid,0,3,A,0,2,A,8,7,3,3,17,7,6,3,4,3,0,0
2023-24,2024-05-16,Las Palmas,Betis,2,2,D,1,1,D,16,6,9,4,9,12,4,8,2,1,0,0
2023-24,2024-05-16,Almeria,Barcelona,0,2,A,0,1,A,12,16,3,7,9,11,4,7,0,1,0,0
2023-24,2024-05-16,Sociedad,Valencia,1,0,H,1,0,H,10,7,5,3,11,13,3,3,0,2,0,0
2023-24,2024-05-18,Alaves,Getafe,1,0,H,1,0,H,9,10,2,4,13,27,2,1,5,7,0,1
2023-24,2024-05-19,Ath Bilbao,Sevilla,2,0,H,2,0,H,15,9,6,4,12,5,8,3,1,1,0,0
2023-24,2024-05-19,Ath Madrid,Osasuna,1,4,A,0,1,A,15,15,2,6,12,9,7,5,2,2,0,0
2023-24,2024-05-19,Barcelona,Vallecano,3,0,H,1,0,H,14,15,6,4,10,7,7,5,4,2,0,0
2023-24,2024-05-19,Betis,Sociedad,0,2,A,0,2,A,18,5,9,2,12,18,6,2,3,4,0,0
2023-24,2024-05-19,Cadiz,Las Palmas,0,0,D,0,0,D,10,9,3,1,13,12,5,3,3,1,1,0
2023-24,2024-05-19,Granada,Celta,1,2,A,0,0,D,11,8,3,5,15,12,10,2,2,1,0,0
2023-24,2024-05-19,Mallorca,Almeria,2,2,D,1,1,D,29,7,8,3,9,9,12,2,2,3,0,0
2023-24,2024-05-19,Valencia,Girona,1,3,A,0,1,A,20,18,6,5,10,8,5,4,2,0,0,0
2023-24,2024-05-19,Villarreal,Real Madrid,4,4,D,1,4,A,21,12,7,6,15,12,3,3,3,2,0,0
2023-24,2024-05-24,Girona,Granada,7,0,H,3,0,H,16,10,9,2,6,13,4,2,3,5,0,1
2023-24,2024-05-25,Osasuna,Villarreal,1,1,D,1,0,H,12,11,6,3,13,6,6,4,4,3,0,0
2023-24,2024-05-25,Sociedad,Ath Madrid,0,2,A,0,1,A,14,10,4,4,19,15,8,4,3,5,0,1
2023-24,2024-05-25,Almeria,Cadiz,6,1,H,0,1,A,27,12,12,4,4,9,1,4,2,2,0,0
2023-24,2024-05-25,Vallecano,Ath Bilbao,0,1,A,0,0,D,17,7,4,1,6,13,8,2,1,1,0,0
2023-24,2024-05-25,Real Madrid,Betis,0,0,D,0,0,D,13,11,5,3,8,11,4,5,2,1,0,0
2023-24,2024-05-26,Getafe,Mallorca,1,2,A,0,0,D,16,9,6,4,12,10,3,4,0,2,0,0
2023-24,2024-05-26,Celta,Valencia,2,2,D,0,1,A,9,12,4,1,17,18,2,2,0,0,0,0
2023-24,2024-05-26,Las Palmas,Alaves,1,1,D,0,0,D,10,14,4,4,16,10,2,6,2,1,0,0
2023-24,2024-05-26,Sevilla,Barcelona,1,2,A,1,1,D,15,11,6,6,11,9,6,5,2,1,0,0
2024-25,2024-08-15,Ath Bilbao,Getafe,1,1,D,1,0,H,7,9,4,2,15,12,5,6,4,1,0,0
2024-25,2024-08-15,Betis,Girona,1,1,D,1,0,H,19,13,4,2,11,7,4,4,2,0,0,0
2024-25,2024-08-16,Celta,Alaves,2,1,H,0,1,A,6,10,4,2,8,23,3,3,3,2,0,0
2024-25,2024-08-16,Las Palmas,Sevilla,2,2,D,1,1,D,13,16,5,5,12,13,6,3,0,0,0,0
2024-25,2024-08-17,Osasuna,Leganes,1,1,D,0,1,A,16,10,5,4,14,12,6,4,3,2,0,0
2024-25,2024-08-17,Valencia,Barcelona,1,2,A,1,1,D,6,18,1,8,11,13,3,8,2,3,0,0
2024-25,2024-08-18,Sociedad,Vallecano,1,2,A,0,0,D,11,12,5,5,14,21,10,5,2,4,0,0
2024-25,2024-08-18,Mallorca,Real Madrid,1,1,D,0,1,A,12,13,5,4,11,6,8,7,1,0,0,1
2024-25,2024-08-19,Valladolid,Espanol,1,0,H,1,0,H,12,10,3,2,15,8,3,2,2,2,0,0
2024-25,2024-08-19,Villarreal,Ath Madrid,2,2,D,2,2,D,8,10,3,5,6,10,2,3,1,3,0,0
2024-25,2024-08-23,Celta,Valencia,3,1,H,2,1,H,7,13,5,5,9,11,4,7,3,0,0,0
2024-25,2024-08-23,Sevilla,Villarreal,1,2,A,1,1,D,15,6,9,5,15,7,7,2,3,5,0,0
2024-25,2024-08-24,Osasuna,Mallorca,1,0,H,0,0,D,15,11,5,2,10,8,5,4,2,1,0,0
2024-25,2024-08-24,Barcelona,Ath Bilbao,2,1,H,1,1,D,13,9,5,2,11,16,5,6,4,5,0,0
2024-25,2024-08-24,Espanol,Sociedad,0,1,A,0,0,D,13,8,3,4,14,18,7,4,2,2,0,0
2024-25,2024-08-24,Getafe,Vallecano,0,0,D,0,0,D,12,3,0,1,16,18,3,2,1,2,0,0
2024-25,2024-08-25,Real Madrid,Valladolid,3,0,H,0,0,D,17,8,9,2,10,15,5,5,1,1,0,0
2024-25,2024-08-25,Leganes,Las Palmas,2,1,H,0,0,D,10,10,5,5,11,10,3,7,1,1,0,0
2024-25,2024-08-25,Alaves,Betis,0,0,D,0,0,D,3,13,1,3,16,13,3,8,1,4,1,0
2024-25,2024-08-25,Ath Madrid,Girona,3,0,H,1,0,H,11,13,6,5,11,10,1,9,1,3,0,0
2024-25,2024-08-26,Villarreal,Celta,4,3,H,1,2,A,22,18,9,8,8,6,7,4,4,3,0,0
2024-25,2024-08-27,Mallorca,Sevilla,0,0,D,0,0,D,12,16,4,7,15,10,5,9,0,1,0,1
2024-25,2024-08-27,Vallecano,Barcelona,1,2,A,1,0,H,8,22,4,5,17,11,6,6,3,1,0,0
2024-25,2024-08-28,Ath Bilbao,Valencia,1,0,H,1,0,H,13,2,4,0,14,9,5,3,1,3,0,0
2024-25,2024-08-28,Valladolid,Leganes,0,0,D,0,0,D,12,8,2,1,13,19,4,4,1,5,0,0
2024-25,2024-08-28,Ath Madrid,Espanol,0,0,D,0,0,D,24,8,7,1,6,9,9,3,0,2,0,0
2024-25,2024-08-28,Sociedad,Alaves,1,2,A,1,1,D,8,12,1,5,16,12,8,6,4,4,1,0
2024-25,2024-08-29,Girona,Osasuna,4,0,H,1,0,H,10,1,5,0,10,9,5,0,0,0,0,0
2024-25,2024-08-29,Las Palmas,Real Madrid,1,1,D,1,0,H,7,25,3,8,16,13,2,6,0,2,0,0
2024-25,2024-08-31,Barcelona,Valladolid,7,0,H,3,0,H,23,5,10,2,6,12,10,1,0,3,0,0
2024-25,2024-08-31,Ath Bilbao,Ath Madrid,0,1,A,0,0,D,8,9,1,2,13,9,2,2,3,1,0,0
2024-25,2024-08-31,Espanol,Vallecano,2,1,H,1,1,D,10,17,5,5,14,16,3,7,3,2,0,0
2024-25,2024-08-31,Leganes,Mallorca,0,1,A,0,1,A,4,12,2,3,11,17,1,3,1,3,0,0
2024-25,2024-08-31,Valencia,Villarreal,1,1,D,1,1,D,22,9,6,3,15,11,14,3,3,5,0,1
2024-25,2024-09-01,Alaves,Las Palmas,2,0,H,1,0,H,15,12,5,7,13,9,6,5,3,0,0,0
2024-25,2024-09-01,Osasuna,Celta,3,2,H,2,1,H,10,12,4,3,19,10,6,3,2,0,0,1
2024-25,2024-09-01,Sevilla,Girona,0,2,A,0,1,A,16,11,5,4,6,14,7,5,3,2,0,0
2024-25,2024-09-01,Getafe,Sociedad,0,0,D,0,0,D,16,1,1,0,14,16,4,1,1,1,0,0
2024-25,2024-09-01,Real Madrid,Betis,2,0,H,0,0,D,20,12,8,2,8,16,7,3,2,0,0,0
2024-25,2024-09-13,Betis,Leganes,2,0,H,0,0,D,14,3,5,0,11,18,11,1,1,2,0,0
2024-25,2024-09-14,Mallorca,Villarreal,1,2,A,0,1,A,10,21,5,4,11,10,7,6,3,3,1,0
2024-25,2024-09-14,Espanol,Alaves,3,2,H,1,1,D,9,19,4,6,17,14,0,5,2,3,0,0
2024-25,2024-09-14,Sevilla,Getafe,1,0,H,1,0,H,10,15,4,4,19,15,3,4,3,4,1,0
2024-25,2024-09-14,Sociedad,Real Madrid,0,2,A,0,0,D,11,16,2,7,12,9,6,6,4,1,0,0
2024-25,2024-09-15,Celta,Valladolid,3,1,H,2,0,H,14,6,7,1,14,15,5,3,3,5,0,1
2024-25,2024-09-15,Girona,Barcelona,1,4,A,0,2,A,9,20,4,9,13,4,1,6,3,2,0,1
2024-25,2024-09-15,Las Palmas,Ath Bilbao,2,3,A,0,2,A,15,9,6,4,8,12,9,3,1,2,0,1
2024-25,2024-09-15,Ath Madrid,Valencia,3,0,H,1,0,H,14,5,5,1,10,8,7,3,1,2,0,0
2024-25,2024-09-16,Vallecano,Osasuna,3,1,H,0,1,A,17,5,6,2,12,15,7,4,3,2,0,0
2024-25,2024-09-17,Mallorca,Sociedad,1,0,H,1,0,H,10,13,4,4,5,10,5,5,1,1,0,0
2024-25,2024-09-18,Betis,Getafe,2,1,H,0,0,D,18,15,8,5,10,20,8,4,3,5,0,0
2024-25,2024-09-19,Leganes,Ath Bilbao,0,2,A,0,0,D,14,10,3,4,12,11,4,7,3,0,0,0
2024-25,2024-09-20,Alaves,Sevilla,2,1,H,1,0,H,10,8,4,2,11,16,3,5,1,4,0,0
2024-25,2024-09-21,Valladolid,Sociedad,0,0,D,0,0,D,15,14,2,4,15,12,5,7,4,4,0,0
2024-25,2024-09-21,Osasuna,Las Palmas,2,1,H,1,1,D,13,11,2,4,14,11,2,4,2,5,0,0
2024-25,2024-09-21,Valencia,Girona,2,0,H,0,0,D,7,8,2,3,13,10,5,4,3,2,0,0
2024-25,2024-09-21,Real Madrid,Espanol,4,1,H,0,0,D,31,10,14,2,7,5,9,4,4,3,0,0
2024-25,2024-09-22,Getafe,Leganes,1,1,D,0,0,D,12,6,3,3,16,17,6,2,3,2,0,0
2024-25,2024-09-22,Ath Bilbao,Celta,3,1,H,2,1,H,10,11,7,4,16,11,3,6,3,2,0,0
2024-25,2024-09-22,Villarreal,Barcelona,1,5,A,1,2,A,13,17,4,10,12,12,7,3,6,1,0,0
2024-25,2024-09-22,Vallecano,Ath Madrid,1,1,D,1,0,H,15,10,3,5,9,12,3,4,0,0,0,0
2024-25,2024-09-23,Betis,Mallorca,1,2,A,1,1,D,14,6,6,6,12,12,6,3,3,2,0,0
2024-25,2024-09-24,Sevilla,Valladolid,2,1,H,1,0,H,22,8,5,2,14,12,6,4,5,4,1,0
2024-25,2024-09-24,Valencia,Osasuna,0,0,D,0,0,D,10,9,2,2,6,11,10,5,2,3,0,0
2024-25,2024-09-24,Real Madrid,Alaves,3,2,H,2,0,H,10,12,4,3,7,10,4,4,4,0,0,0
2024-25,2024-09-25,Girona,Vallecano,0,0,D,0,0,D,11,2,0,0,8,16,4,3,3,4,0,0
2024-25,2024-09-25,Barcelona,Getafe,1,0,H,1,0,H,16,7,4,1,4,14,7,5,1,1,0,0
2024-25,2024-09-26,Espanol,Villarreal,1,2,A,1,1,D,11,15,2,4,12,14,4,1,5,3,0,0
2024-25,2024-09-26,Las Palmas,Betis,1,1,D,1,1,D,8,14,2,5,21,10,1,4,4,2,0,0
2024-25,2024-09-26,Celta,Ath Madrid,0,1,A,0,0,D,9,7,4,2,10,7,2,3,2,2,0,0
2024-25,2024-09-27,Valladolid,Mallorca,1,2,A,0,0,D,11,14,1,6,15,9,7,4,3,2,0,0
2024-25,2024-09-28,Getafe,Alaves,2,0,H,1,0,H,14,9,8,1,17,24,2,2,3,6,0,0
2024-25,2024-09-28,Vallecano,Leganes,1,1,D,1,0,H,15,13,6,3,12,7,5,5,2,1,0,0
2024-25,2024-09-28,Sociedad,Valencia,3,0,H,1,0,H,11,9,6,4,7,12,6,4,0,0,0,0
2024-25,2024-09-28,Osasuna,Barcelona,4,2,H,2,0,H,11,12,6,5,13,3,5,8,2,2,0,0
2024-25,2024-09-29,Celta,Girona,1,1,D,0,1,A,12,9,2,4,9,14,4,4,1,0,0,0
2024-25,2024-09-29,Ath Bilbao,Sevilla,1,1,D,1,0,H,13,13,3,4,6,7,4,7,0,3,1,0
2024-25,2024-09-29,Betis,Espanol,1,0,H,0,0,D,20,8,12,1,14,20,8,4,2,4,0,0
2024-25,2024-09-29,Ath Madrid,Real Madrid,1,1,D,0,0,D,12,12,4,4,11,11,5,5,3,1,1,0
2024-25,2024-09-30,Villarreal,Las Palmas,3,1,H,1,0,H,17,7,7,3,14,10,3,2,0,3,0,0
2024-25,2024-10-04,Leganes,Valencia,0,0,D,0,0,D,8,6,0,1,15,14,1,2,2,2,0,0
2024-25,2024-10-05,Espanol,Mallorca,2,1,H,1,0,H,8,11,3,4,14,19,4,6,1,5,0,0
2024-25,2024-10-05,Getafe,Osasuna,1,1,D,1,0,H,11,6,3,2,17,10,4,2,2,4,0,0
2024-25,2024-10-05,Las Palmas,Celta,0,1,A,0,1,A,24,8,5,1,9,13,11,2,3,8,0,2
2024-25,2024-10-05,Valladolid,Vallecano,1,2,A,0,0,D,13,17,5,3,13,18,5,13,4,2,0,0
2024-25,2024-10-05,Real Madrid,Villarreal,2,0,H,1,0,H,11,10,2,1,7,11,2,5,0,1,0,0
2024-25,2024-10-06,Girona,Ath Bilbao,2,1,H,1,1,D,14,13,6,4,12,13,6,1,4,3,0,1
2024-25,2024-10-06,Alaves,Barcelona,0,3,A,0,3,A,11,14,2,8,13,8,11,3,2,2,0,0
2024-25,2024-10-06,Sevilla,Betis,1,0,H,0,0,D,14,11,5,3,15,15,4,1,6,3,1,0
2024-25,2024-10-06,Sociedad,Ath Madrid,1,1,D,0,1,A,16,4,8,1,10,9,5,1,0,2,0,0
2024-25,2024-10-18,Alaves,Valladolid,2,3,A,1,1,D,10,12,4,4,15,14,5,6,6,2,1,0
2024-25,2024-10-19,Ath Bilbao,Espanol,4,1,H,3,0,H,10,5,6,2,15,22,5,5,2,3,0,0
2024-25,2024-10-19,Osasuna,Betis,1,2,A,0,1,A,19,11,6,7,12,8,10,2,2,1,0,1
2024-25,2024-10-19,Girona,Sociedad,0,1,A,0,1,A,8,14,3,4,10,12,6,6,2,1,0,0
2024-25,2024-10-19,Celta,Real Madrid,1,2,A,0,1,A,13,10,5,3,16,13,6,2,2,1,0,0
2024-25,2024-10-20,Mallorca,Vallecano,1,0,H,0,0,D,19,10,5,2,9,13,9,2,1,1,0,0
2024-25,2024-10-20,Ath Madrid,Leganes,3,1,H,0,1,A,24,5,9,2,14,8,8,2,5,1,0,0
2024-25,2024-10-20,Villarreal,Getafe,1,1,D,1,0,H,10,21,4,4,18,21,5,5,4,3,0,0
2024-25,2024-10-20,Barcelona,Sevilla,5,1,H,3,0,H,21,7,9,1,6,14,5,5,1,2,0,0
2024-25,2024-10-21,Valencia,Las Palmas,2,3,A,1,1,D,14,11,7,6,12,12,11,2,4,9,1,0
2024-25,2024-10-25,Espanol,Sevilla,0,2,A,0,2,A,16,6,1,3,14,9,13,2,2,0,0,0
2024-25,2024-10-26,Valladolid,Villarreal,1,2,A,0,1,A,7,21,3,9,16,13,4,6,4,3,0,0
2024-25,2024-10-26,Vallecano,Alaves,1,0,H,0,0,D,16,15,4,7,8,14,6,2,2,4,1,0
2024-25,2024-10-26,Las Palmas,Girona,1,0,H,1,0,H,12,8,3,3,12,14,3,5,4,5,0,1
2024-25,2024-10-26,Real Madrid,Barcelona,0,4,A,0,0,D,9,15,4,7,15,17,10,3,2,5,0,0
2024-25,2024-10-27,Leganes,Celta,3,0,H,0,0,D,7,18,4,5,15,17,4,2,2,2,0,0
2024-25,2024-10-27,Getafe,Valencia,1,1,D,0,1,A,15,2,4,1,20,20,8,2,3,7,0,0
2024-25,2024-10-27,Betis,Ath Madrid,1,0,H,1,0,H,24,10,3,3,8,4,3,10,3,2,0,0
2024-25,2024-10-27,Sociedad,Osasuna,0,2,A,0,2,A,19,10,9,4,7,14,14,4,3,4,0,0
2024-25,2024-10-28,Mallorca,Ath Bilbao,0,0,D,0,0,D,4,20,1,1,9,12,1,14,5,1,1,0
2024-25,2024-11-01,Alaves,Mallorca,1,0,H,0,0,D,13,7,3,2,19,12,7,2,3,2,0,0
2024-25,2024-11-02,Osasuna,Valladolid,1,0,H,1,0,H,20,7,4,4,21,12,7,2,1,5,0,0
2024-25,2024-11-02,Girona,Leganes,4,3,H,2,2,D,15,8,6,5,17,15,6,1,2,4,0,0
2024-25,2024-11-03,Ath Madrid,Las Palmas,2,0,H,1,0,H,15,1,3,1,13,13,9,1,1,1,0,0
2024-25,2024-11-03,Barcelona,Espanol,3,1,H,3,0,H,14,10,9,3,13,14,9,5,0,3,0,0
2024-25,2024-11-03,Sevilla,Sociedad,0,2,A,0,1,A,8,9,0,3,6,17,5,9,2,1,0,0
2024-25,2024-11-03,Ath Bilbao,Betis,1,1,D,0,0,D,17,7,8,4,9,8,6,2,0,0,0,0
2024-25,2024-11-04,Celta,Getafe,1,0,H,1,0,H,10,10,3,2,12,11,0,2,1,4,0,1
2024-25,2024-11-08,Vallecano,Las Palmas,1,3,A,0,1,A,35,11,7,3,9,13,12,4,1,3,0,0
2024-25,2024-11-09,Real Madrid,Osasuna,4,0,H,2,0,H,18,2,8,0,9,16,11,3,0,2,0,0
2024-25,2024-11-09,Villarreal,Alaves,3,0,H,1,0,H,13,9,3,3,17,21,7,2,1,3,0,0
2024-25,2024-11-09,Leganes,Sevilla,1,0,H,0,0,D,8,13,4,2,7,10,0,6,2,1,0,1
2024-25,2024-11-10,Betis,Celta,2,2,D,1,1,D,19,3,6,2,12,8,2,0,3,0,0,0
2024-25,2024-11-10,Mallorca,Ath Madrid,0,1,A,0,0,D,12,9,6,2,10,16,7,2,1,3,0,0
2024-25,2024-11-10,Getafe,Girona,0,1,A,0,1,A,8,3,0,2,25,16,5,2,3,3,0,0
2024-25,2024-11-10,Valladolid,Ath Bilbao,1,1,D,0,0,D,6,17,3,1,12,12,5,5,4,4,0,0
2024-25,2024-11-10,Sociedad,Barcelona,1,0,H,1,0,H,14,11,6,0,17,6,7,6,3,1,0,0
2024-25,2024-11-22,Getafe,Valladolid,2,0,H,0,0,D,12,6,5,3,15,15,3,2,3,2,0,0
2024-25,2024-11-23,Valencia,Betis,4,2,H,1,1,D,11,7,5,3,10,16,2,4,4,2,0,0
2024-25,2024-11-23,Ath Madrid,Alaves,2,1,H,0,1,A,11,4,8,1,18,19,5,0,3,3,0,0
2024-25,2024-11-23,Girona,Espanol,4,1,H,4,0,H,12,9,5,1,4,19,6,3,0,3,0,0
2024-25,2024-11-23,Las Palmas,Mallorca,2,3,A,0,0,D,14,10,3,3,10,18,4,3,4,2,0,1
2024-25,2024-11-23,Celta,Barcelona,2,2,D,0,1,A,15,9,8,4,13,9,5,1,5,5,0,1
2024-25,2024-11-24,Osasuna,Villarreal,2,2,D,2,0,H,4,17,3,7,12,13,0,8,6,5,0,0
2024-25,2024-11-24,Sevilla,Vallecano,1,0,H,1,0,H,11,9,3,1,14,14,8,3,2,5,0,1
2024-25,2024-11-24,Leganes,Real Madrid,0,3,A,0,1,A,4,16,0,9,17,11,2,4,2,0,0,0
2024-25,2024-11-24,Ath Bilbao,Sociedad,1,0,H,1,0,H,12,6,4,1,18,9,4,4,3,4,0,0
2024-25,2024-11-29,Mallorca,Valencia,2,1,H,1,1,D,9,7,3,1,9,14,3,6,0,0,0,0
2024-25,2024-11-30,Barcelona,Las Palmas,1,2,A,0,0,D,27,5,8,3,7,11,7,0,0,0,0,0
2024-25,2024-11-30,Alaves,Leganes,1,1,D,0,0,D,18,6,7,3,15,15,13,8,1,4,0,0
2024-25,2024-11-30,Espanol,Celta,3,1,H,1,0,H,9,16,5,2,13,7,2,5,2,2,0,0
2024-25,2024-11-30,Valladolid,Ath Madrid,0,5,A,0,3,A,9,13,1,9,6,11,3,5,1,2,0,0
2024-25,2024-12-01,Villarreal,Girona,2,2,D,1,0,H,13,13,4,6,8,13,1,5,2,6,0,0
2024-25,2024-12-01,Real Madrid,Getafe,2,0,H,2,0,H,13,8,4,3,7,26,5,3,2,6,0,0
2024-25,2024-12-01,Vallecano,Ath Bilbao,1,2,A,1,0,H,7,12,4,7,14,8,1,7,3,0,0,0
2024-25,2024-12-01,Sociedad,Betis,2,0,H,2,0,H,2,7,1,2,28,10,0,4,3,2,0,0
2024-25,2024-12-02,Sevilla,Osasuna,1,1,D,0,0,D,12,7,5,3,11,15,5,1,1,1,0,0
2024-25,2024-12-03,Mallorca,Barcelona,1,5,A,1,1,D,6,20,1,9,13,13,2,5,4,3,0,0
2024-25,2024-12-04,Ath Bilbao,Real Madrid,2,1,H,0,0,D,9,10,3,5,21,9,5,2,3,3,0,0
2024-25,2024-12-06,Celta,Mallorca,2,0,H,1,0,H,12,9,5,4,9,12,3,3,1,0,0,1
2024-25,2024-12-07,Las Palmas,Valladolid,2,1,H,1,1,D,11,9,5,2,17,13,3,3,4,3,0,0
2024-25,2024-12-07,Betis,Barcelona,2,2,D,0,1,A,12,9,6,3,15,14,6,4,1,2,0,0
2024-25,2024-12-07,Valencia,Vallecano,0,1,A,0,1,A,14,6,6,1,5,12,9,4,2,2,0,0
2024-25,2024-12-07,Girona,Real Madrid,0,3,A,0,1,A,10,10,4,7,6,7,6,3,3,2,0,0
2024-25,2024-12-08,Leganes,Sociedad,0,3,A,0,1,A,11,15,2,5,12,15,5,3,2,2,0,0
2024-25,2024-12-08,Ath Bilbao,Villarreal,2,0,H,1,0,H,12,11,4,1,15,10,3,3,2,1,0,0
2024-25,2024-12-08,Osasuna,Alaves,2,2,D,0,1,A,16,6,8,3,13,14,8,3,4,3,0,0
2024-25,2024-12-08,Ath Madrid,Sevilla,4,3,H,1,2,A,14,4,9,3,11,8,5,3,4,3,0,0
2024-25,2024-12-09,Getafe,Espanol,1,0,H,1,0,H,15,9,6,1,14,15,3,3,3,6,0,0
2024-25,2024-12-13,Valladolid,Valencia,1,0,H,1,0,H,2,14,1,2,10,10,1,7,4,3,1,0
2024-25,2024-12-14,Espanol,Osasuna,0,0,D,0,0,D,9,6,3,0,13,13,5,4,3,1,0,0
2024-25,2024-12-14,Mallorca,Girona,2,1,H,1,1,D,8,13,2,1,10,14,2,4,5,2,1,0
2024-25,2024-12-14,Sevilla,Celta,1,0,H,0,0,D,8,10,3,2,12,9,3,4,7,3,0,0
2024-25,2024-12-14,Vallecano,Real Madrid,3,3,D,2,2,D,14,13,5,6,18,8,4,3,4,2,0,0
2024-25,2024-12-15,Ath Madrid,Getafe,1,0,H,0,0,D,11,7,3,1,13,15,8,3,3,1,0,0
2024-25,2024-12-15,Alaves,Ath Bilbao,1,1,D,0,1,A,6,9,3,2,14,17,2,4,2,2,0,0
2024-25,2024-12-15,Sociedad,Las Palmas,0,0,D,0,0,D,15,9,4,3,17,12,8,6,2,3,0,0
2024-25,2024-12-15,Villarreal,Betis,1,2,A,0,1,A,17,10,4,4,19,10,5,5,5,2,0,1
2024-25,2024-12-15,Barcelona,Leganes,0,1,A,0,1,A,20,6,4,4,5,13,8,2,0,2,0,0
2024-25,2024-12-18,Espanol,Valencia,1,1,D,1,0,H,10,14,3,4,13,11,4,7,1,0,0,0
2024-25,2024-12-18,Villarreal,Vallecano,1,1,D,1,1,D,14,18,5,3,10,15,7,7,4,3,1,0
2024-25,2024-12-20,Girona,Valladolid,3,0,H,2,0,H,23,1,7,1,13,7,9,1,3,1,0,0
2024-25,2024-12-21,Getafe,Mallorca,0,1,A,0,0,D,18,9,5,2,19,13,3,0,4,3,0,0
2024-25,2024-12-21,Celta,Sociedad,2,0,H,2,0,H,11,7,7,1,19,13,5,7,3,5,0,0
2024-25,2024-12-21,Osasuna,Ath Bilbao,1,2,A,1,1,D,6,13,3,8,10,13,4,4,0,1,0,0
2024-25,2024-12-21,Barcelona,Ath Madrid,1,2,A,1,0,H,19,5,7,4,11,8,11,3,0,3,0,0
2024-25,2024-12-22,Valencia,Alaves,2,2,D,0,1,A,8,11,3,3,20,15,5,4,2,1,0,0
2024-25,2024-12-22,Real Madrid,Sevilla,4,2,H,3,1,H,16,10,8,5,5,14,6,6,1,2,0,0
2024-25,2024-12-22,Las Palmas,Espanol,1,0,H,0,0,D,10,9,4,2,9,16,2,2,4,2,0,0
2024-25,2024-12-22,Leganes,Villarreal,2,5,A,2,2,D,5,18,3,9,17,15,1,5,1,2,2,0
2024-25,2024-12-22,Betis,Vallecano,1,1,D,1,0,H,14,10,5,4,9,14,5,5,0,4,0,0
2024-25,2025-01-03,Valencia,Real Madrid,1,2,A,1,0,H,8,17,5,5,16,9,2,5,2,3,0,1
2024-25,2025-01-10,Vallecano,Celta,2,1,H,1,1,D,8,23,5,7,18,9,3,3,2,3,0,1
2024-25,2025-01-11,Alaves,Girona,0,1,A,0,0,D,11,3,2,1,16,11,6,3,1,4,0,0
2024-25,2025-01-11,Valladolid,Betis,1,0,H,0,0,D,12,14,1,3,21,10,1,8,2,4,0,0
2024-25,2025-01-11,Espanol,Leganes,1,1,D,1,1,D,15,14,5,6,15,19,8,4,2,2,0,1
2024-25,2025-01-11,Sevilla,Valencia,1,1,D,0,0,D,15,5,5,1,16,8,10,1,1,2,0,0
2024-25,2025-01-12,Las Palmas,Getafe,1,2,A,0,0,D,15,12,7,3,14,17,4,5,2,3,0,0
2024-25,2025-01-12,Ath Madrid,Osasuna,1,0,H,0,0,D,9,6,5,1,8,14,4,0,2,0,0,0
2024-25,2025-01-13,Sociedad,Villarreal,1,0,H,0,0,D,6,15,3,5,17,6,3,7,4,2,0,0
2024-25,2025-01-17,Espanol,Valladolid,2,1,H,1,0,H,12,11,4,4,13,16,1,7,2,2,0,0
2024-25,2025-01-18,Girona,Sevilla,1,2,A,1,0,H,7,14,4,6,6,15,7,4,0,4,0,0
2024-25,2025-01-18,Leganes,Ath Madrid,1,0,H,0,0,D,9,19,3,4,16,6,2,9,1,3,0,0
2024-25,2025-01-18,Betis,Alaves,1,3,A,1,1,D,7,9,2,5,12,24,2,3,4,5,1,0
2024-25,2025-01-18,Getafe,Barcelona,1,1,D,1,1,D,10,21,4,5,9,9,2,10,3,2,0,0
2024-25,2025-01-19,Celta,Ath Bilbao,1,2,A,0,0,D,3,14,1,6,14,6,3,4,0,0,0,0
2024-25,2025-01-19,Real Madrid,Las Palmas,4,1,H,3,1,H,26,6,13,2,11,13,8,2,0,1,0,1
2024-25,2025-01-19,Osasuna,Vallecano,1,1,D,0,1,A,12,8,3,3,9,13,6,3,3,2,0,0
2024-25,2025-01-19,Valencia,Sociedad,1,0,H,1,0,H,7,9,2,3,10,12,4,7,3,4,0,0
2024-25,2025-01-20,Villarreal,Mallorca,4,0,H,4,0,H,14,9,7,2,9,12,6,5,1,3,0,0
2024-25,2025-01-24,Las Palmas,Osasuna,1,1,D,0,0,D,16,16,7,4,14,17,4,2,7,8,1,0
2024-25,2025-01-25,Mallorca,Betis,0,1,A,0,0,D,16,8,3,3,12,18,4,4,2,2,1,0
2024-25,2025-01-25,Ath Madrid,Villarreal,1,1,D,0,1,A,20,11,8,1,10,14,5,6,4,2,0,0
2024-25,2025-01-25,Sevilla,Espanol,1,1,D,0,1,A,25,6,4,1,13,14,5,1,1,4,0,0
2024-25,2025-01-25,Valladolid,Real Madrid,0,3,A,0,1,A,6,20,2,4,11,12,1,7,3,3,1,0
2024-25,2025-01-26,Vallecano,Girona,2,1,H,0,0,D,17,12,7,5,19,9,4,1,3,1,0,0
2024-25,2025-01-26,Sociedad,Getafe,0,3,A,0,0,D,13,13,4,4,11,15,5,2,3,6,0,0
2024-25,2025-01-26,Ath Bilbao,Leganes,0,0,D,0,0,D,29,5,3,2,10,8,16,1,1,1,0,0
2024-25,2025-01-26,Barcelona,Valencia,7,1,H,5,0,H,22,7,11,2,10,12,14,4,0,1,0,0
2024-25,2025-01-27,Alaves,Celta,1,1,D,1,0,H,3,5,1,2,15,14,3,4,2,3,0,0
2024-25,2025-01-31,Leganes,Vallecano,0,1,A,0,0,D,5,19,1,3,7,19,2,9,2,4,1,0
2024-25,2025-02-01,Getafe,Sevilla,0,0,D,0,0,D,7,13,1,1,15,12,6,5,4,6,0,0
2024-25,2025-02-01,Villarreal,Valladolid,5,1,H,1,0,H,22,8,8,2,9,14,3,6,1,2,0,0
2024-25,2025-02-01,Ath Madrid,Mallorca,2,0,H,1,0,H,17,10,5,1,9,14,10,4,2,3,0,0
2024-25,2025-02-01,Espanol,Real Madrid,1,0,H,0,0,D,5,21,2,7,14,3,1,8,2,0,0,0
2024-25,2025-02-02,Barcelona,Alaves,1,0,H,0,0,D,11,3,4,0,8,20,5,2,5,2,0,0
2024-25,2025-02-02,Valencia,Celta,2,1,H,1,0,H,8,3,5,2,9,17,5,2,1,2,0,0
2024-25,2025-02-02,Osasuna,Sociedad,2,1,H,1,0,H,11,13,4,3,10,8,3,5,3,3,0,0
2024-25,2025-02-02,Betis,Ath Bilbao,2,2,D,2,1,H,10,12,6,4,10,20,3,7,3,1,0,0
2024-25,2025-02-03,Girona,Las Palmas,2,1,H,1,0,H,12,10,4,2,12,12,11,3,2,2,0,0
2024-25,2025-02-07,Vallecano,Valladolid,1,0,H,0,0,D,20,8,6,3,11,15,4,2,2,2,0,0
2024-25,2025-02-08,Celta,Betis,3,2,H,0,2,A,14,12,6,5,11,11,4,7,3,5,0,0
2024-25,2025-02-08,Ath Bilbao,Girona,3,0,H,2,0,H,23,3,8,1,7,12,11,2,0,4,0,0
2024-25,2025-02-08,Las Palmas,Villarreal,1,2,A,0,0,D,20,9,4,4,12,12,6,5,6,3,0,0
2024-25,2025-02-08,Real Madrid,Ath Madrid,1,1,D,0,1,A,23,10,9,1,14,13,6,1,1,3,0,0
2024-25,2025-02-09,Alaves,Getafe,0,1,A,0,1,A,12,4,4,3,16,16,8,3,2,6,0,0
2024-25,2025-02-09,Valencia,Leganes,2,0,H,2,0,H,18,12,4,4,14,9,9,3,1,1,0,0
2024-25,2025-02-09,Sociedad,Espanol,2,1,H,1,0,H,13,4,3,1,11,17,6,0,1,2,0,0
2024-25,2025-02-09,Sevilla,Barcelona,1,4,A,1,1,D,8,10,4,6,14,6,5,6,5,2,0,1
2024-25,2025-02-10,Mallorca,Osasuna,1,1,D,0,0,D,10,19,2,4,7,11,7,11,1,4,0,0
2024-25,2025-02-14,Girona,Getafe,1,2,A,0,1,A,14,10,4,6,11,23,3,3,2,3,1,0
2024-25,2025-02-15,Leganes,Alaves,3,3,D,2,1,H,8,16,3,7,18,15,3,2,4,5,1,0
2024-25,2025-02-15,Osasuna,Real Madrid,1,1,D,0,1,A,11,17,4,6,16,7,6,2,3,1,0,1
2024-25,2025-02-15,Ath Madrid,Celta,1,1,D,0,0,D,9,11,3,4,8,18,2,7,3,5,1,0
2024-25,2025-02-15,Villarreal,Valencia,1,1,D,1,0,H,13,12,4,3,6,17,4,5,0,5,0,0
2024-25,2025-02-16,Espanol,Ath Bilbao,1,1,D,0,0,D,12,14,4,4,12,8,2,7,1,1,0,0
2024-25,2025-02-16,Valladolid,Sevilla,0,4,A,0,2,A,7,11,2,6,11,10,3,2,4,2,0,0
2024-25,2025-02-16,Mallorca,Las Palmas,3,1,H,3,0,H,14,9,5,4,7,13,3,5,1,4,0,0
2024-25,2025-02-16,Betis,Sociedad,3,0,H,0,0,D,24,5,8,1,9,15,5,5,0,2,0,2
2024-25,2025-02-17,Barcelona,Vallecano,1,0,H,1,0,H,14,9,5,4,11,9,4,5,2,3,0,0
2024-25,2025-02-21,Celta,Osasuna,1,0,H,0,0,D,12,18,5,1,11,13,5,4,1,0,0,0
2024-25,2025-02-22,Alaves,Espanol,0,1,A,0,0,D,15,9,5,2,13,17,7,0,2,2,0,0
2024-25,2025-02-22,Vallecano,Villarreal,0,1,A,0,0,D,10,10,5,5,15,12,3,5,1,4,1,0
2024-25,2025-02-22,Valencia,Ath Madrid,0,3,A,0,2,A,18,11,2,3,18,16,7,0,1,3,0,0
2024-25,2025-02-22,Las Palmas,Barcelona,0,2,A,0,0,D,10,15,2,5,13,4,5,3,1,1,0,0
2024-25,2025-02-23,Ath Bilbao,Valladolid,7,1,H,4,0,H,29,5,16,3,10,5,4,4,2,3,0,1
2024-25,2025-02-23,Real Madrid,Girona,2,0,H,1,0,H,22,6,5,2,1,7,11,5,0,2,0,0
2024-25,2025-02-23,Getafe,Betis,1,2,A,0,1,A,10,13,4,6,17,20,2,5,3,0,1,1
2024-25,2025-02-23,Sociedad,Leganes,3,0,H,1,0,H,12,8,5,2,13,13,3,3,3,3,0,0
2024-25,2025-02-24,Sevilla,Mallorca,1,1,D,1,0,H,19,13,4,2,11,12,4,4,1,3,0,0
2024-25,2025-02-28,Valladolid,Las Palmas,1,1,D,0,1,A,23,4,7,3,11,8,13,4,2,1,0,1
2024-25,2025-03-01,Girona,Celta,2,2,D,1,1,D,9,10,6,6,8,17,4,2,0,0,0,0
2024-25,2025-03-01,Vallecano,Sevilla,1,1,D,0,0,D,20,10,8,5,14,9,6,6,1,0,0,0
2024-25,2025-03-01,Betis,Real Madrid,2,1,H,1,1,D,18,9,3,2,17,12,9,2,3,4,0,0
2024-25,2025-03-01,Ath Madrid,Ath Bilbao,1,0,H,0,0,D,12,15,4,3,7,8,6,2,2,3,0,0
2024-25,2025-03-02,Leganes,Getafe,1,0,H,0,0,D,5,9,1,0,15,15,2,6,1,1,0,0
2024-25,2025-03-02,Barcelona,Sociedad,4,0,H,2,0,H,33,0,10,0,15,6,12,0,0,0,0,1
2024-25,2025-03-02,Mallorca,Alaves,1,1,D,1,0,H,15,19,4,7,20,14,3,9,0,2,0,0
2024-25,2025-03-02,Osasuna,Valencia,3,3,D,3,2,H,12,12,5,5,10,7,3,3,2,1,0,0
2024-25,2025-03-08,Celta,Leganes,2,1,H,2,1,H,7,12,4,6,10,9,2,5,3,2,0,0
2024-25,2025-03-08,Alaves,Villarreal,1,0,H,1,0,H,5,24,3,2,11,13,1,6,3,1,2,0
2024-25,2025-03-08,Valencia,Valladolid,2,1,H,1,1,D,17,11,4,4,11,10,5,4,1,3,0,0
2024-25,2025-03-09,Getafe,Ath Madrid,2,1,H,0,0,D,11,4,3,2,10,14,4,4,6,2,0,1
2024-25,2025-03-09,Real Madrid,Vallecano,2,1,H,2,1,H,10,20,5,6,12,17,4,6,3,1,0,0
2024-25,2025-03-09,Ath Bilbao,Mallorca,1,1,D,0,0,D,8,9,2,2,6,13,3,3,1,3,0,0
2024-25,2025-03-09,Betis,Las Palmas,1,0,H,0,0,D,14,8,6,1,12,14,11,1,2,8,0,1
2024-25,2025-03-09,Sociedad,Sevilla,0,1,A,0,0,D,7,9,2,4,14,12,6,3,2,1,0,0
2024-25,2025-03-10,Espanol,Girona,1,1,D,0,0,D,7,18,4,4,11,13,4,9,3,3,0,0
2024-25,2025-03-14,Las Palmas,Alaves,2,2,D,0,1,A,14,9,7,3,10,22,4,5,5,5,0,0
2024-25,2025-03-15,Valladolid,Celta,0,1,A,0,0,D,5,10,2,1,9,15,3,4,3,3,0,0
2024-25,2025-03-15,Mallorca,Espanol,2,1,H,0,0,D,20,2,7,0,10,12,6,2,0,2,0,0
2024-25,2025-03-15,Villarreal,Real Madrid,1,2,A,1,2,A,23,9,10,5,17,3,11,4,2,1,0,0
2024-25,2025-03-15,Girona,Valencia,1,1,D,0,0,D,14,12,4,2,12,5,9,4,2,1,0,0
2024-25,2025-03-16,Leganes,Betis,2,3,A,2,0,H,10,21,4,6,16,5,3,7,2,1,0,0
2024-25,2025-03-16,Sevilla,Ath Bilbao,0,1,A,0,0,D,11,9,4,4,13,12,4,6,4,2,0,0
2024-25,2025-03-16,Osasuna,Getafe,1,2,A,1,0,H,12,7,4,4,19,15,3,2,2,3,0,1
2024-25,2025-03-16,Vallecano,Sociedad,2,2,D,0,1,A,10,8,5,4,16,9,4,4,3,2,0,0
2024-25,2025-03-16,Ath Madrid,Barcelona,2,4,A,1,0,H,7,13,2,6,10,11,6,6,1,3,0,0
2024-25,2025-03-27,Barcelona,Osasuna,3,0,H,2,0,H,19,4,5,0,7,14,8,4,1,3,0,0
2024-25,2025-03-29,Sociedad,Valladolid,2,1,H,1,0,H,12,12,2,5,20,10,3,6,2,3,0,0
2024-25,2025-03-29,Espanol,Ath Madrid,1,1,D,0,1,A,8,13,1,2,12,14,4,3,2,1,0,0
2024-25,2025-03-29,Alaves,Vallecano,0,2,A,0,1,A,12,11,4,5,14,12,8,5,3,5,0,0
2024-25,2025-03-29,Real Madrid,Leganes,3,2,H,1,2,A,24,10,10,4,9,13,8,3,1,4,0,0
2024-25,2025-03-30,Getafe,Villarreal,1,2,A,1,2,A,11,9,4,3,16,21,3,1,1,4,0,0
2024-25,2025-03-30,Barcelona,Girona,4,1,H,1,0,H,21,4,9,2,8,11,10,2,0,1,0,0
2024-25,2025-03-30,Ath Bilbao,Osasuna,0,0,D,0,0,D,11,5,5,2,12,12,3,4,1,1,0,0
2024-25,2025-03-30,Valencia,Mallorca,1,0,H,0,0,D,8,8,2,2,16,15,4,5,5,5,0,0
2024-25,2025-03-30,Betis,Sevilla,2,1,H,2,1,H,11,6,3,2,10,22,2,2,4,4,0,0
2024-25,2025-03-31,Celta,Las Palmas,1,1,D,1,0,H,19,4,7,2,17,5,4,2,3,0,0,0
2024-25,2025-04-04,Vallecano,Espanol,0,4,A,0,2,A,16,15,5,7,8,10,8,4,2,2,0,0
2024-25,2025-04-05,Girona,Alaves,0,1,A,0,0,D,11,14,6,3,9,16,1,5,1,4,0,0
2024-25,2025-04-05,Real Madrid,Valencia,1,2,A,0,1,A,21,10,9,2,10,13,9,4,0,4,0,0
2024-25,2025-04-05,Mallorca,Celta,1,2,A,1,0,H,7,10,2,4,9,11,4,2,3,0,0,0
2024-25,2025-04-05,Barcelona,Betis,1,1,D,1,1,D,13,6,5,2,16,12,9,3,2,1,0,0
2024-25,2025-04-06,Las Palmas,Sociedad,1,3,A,0,1,A,13,13,5,8,7,10,5,4,0,2,0,0
2024-25,2025-04-06,Sevilla,Ath Madrid,1,2,A,1,1,D,11,13,6,5,14,12,7,7,1,4,0,0
2024-25,2025-04-06,Valladolid,Getafe,0,4,A,0,3,A,5,16,0,9,11,17,3,4,3,1,1,0
2024-25,2025-04-06,Villarreal,Ath Bilbao,0,0,D,0,0,D,12,11,4,2,9,13,6,5,0,1,1,0
2024-25,2025-04-07,Leganes,Osasuna,1,1,D,0,0,D,13,14,7,6,18,14,4,8,3,3,0,0
2024-25,2025-04-11,Valencia,Sevilla,1,0,H,1,0,H,8,12,6,5,10,18,3,3,3,2,0,0
2024-25,2025-04-12,Sociedad,Mallorca,0,2,A,0,1,A,15,7,4,3,11,12,8,2,3,1,0,0
2024-25,2025-04-12,Getafe,Las Palmas,1,3,A,1,0,H,11,10,6,5,14,15,3,2,0,2,1,0
2024-25,2025-04-12,Celta,Espanol,0,2,A,0,1,A,16,5,6,3,14,10,13,5,2,2,0,0
2024-25,2025-04-12,Leganes,Barcelona,0,1,A,0,0,D,6,12,1,3,10,4,4,8,2,1,0,0
2024-25,2025-04-13,Osasuna,Girona,2,1,H,1,0,H,13,18,6,8,17,15,4,4,2,0,0,0
2024-25,2025-04-13,Alaves,Real Madrid,0,1,A,0,1,A,13,11,6,4,21,12,4,4,4,4,1,1
2024-25,2025-04-13,Betis,Villarreal,1,2,A,1,1,D,24,8,5,2,4,13,5,5,0,4,0,0
2024-25,2025-04-13,Ath Bilbao,Vallecano,3,1,H,0,1,A,13,11,4,3,12,7,7,1,4,3,0,0
2024-25,2025-04-14,Ath Madrid,Valladolid,4,2,H,2,1,H,24,6,9,3,11,8,5,1,1,1,0,0
2024-25,2025-04-18,Espanol,Getafe,1,0,H,1,0,H,9,9,3,4,12,15,6,8,0,2,0,1
2024-25,2025-04-19,Vallecano,Valencia,1,1,D,1,0,H,11,10,4,3,18,13,5,2,3,1,0,0
2024-25,2025-04-19,Barcelona,Celta,4,3,H,1,1,D,18,11,6,8,10,13,4,1,2,2,0,0
2024-25,2025-04-19,Mallorca,Leganes,0,0,D,0,0,D,11,15,1,1,17,15,4,4,2,1,0,0
2024-25,2025-04-19,Las Palmas,Ath Madrid,1,0,H,0,0,D,8,7,2,2,13,13,4,4,3,1,0,0
2024-25,2025-04-20,Valladolid,Osasuna,2,3,A,0,2,A,12,11,5,6,12,17,5,2,2,0,0,0
2024-25,2025-04-20,Villarreal,Sociedad,2,2,D,1,1,D,20,4,5,4,12,12,10,4,5,1,0,0
2024-25,2025-04-20,Sevilla,Alaves,1,1,D,1,1,D,10,11,2,3,10,11,3,6,2,2,0,0
2024-25,2025-04-20,Real Madrid,Ath Bilbao,1,0,H,0,0,D,22,3,7,1,7,15,14,1,1,2,0,0
2024-25,2025-04-21,Girona,Betis,1,3,A,0,3,A,11,17,5,9,13,11,8,9,3,2,0,0
2024-25,2025-04-22,Valencia,Espanol,1,1,D,0,1,A,16,8,7,3,7,7,6,4,2,1,0,0
2024-25,2025-04-22,Barcelona,Mallorca,1,0,H,0,0,D,40,4,13,0,10,7,13,2,0,1,0,0
2024-25,2025-04-23,Ath Bilbao,Las Palmas,1,0,H,1,0,H,13,10,4,2,13,9,3,3,1,3,0,0
2024-25,2025-04-23,Celta,Villarreal,3,0,H,1,0,H,21,4,9,1,16,10,6,3,2,1,0,1
2024-25,2025-04-23,Alaves,Sociedad,1,0,H,0,0,D,10,6,1,0,17,17,6,6,4,5,0,0
2024-25,2025-04-23,Getafe,Real Madrid,0,1,A,0,1,A,20,14,6,7,15,7,4,4,3,1,0,0
2024-25,2025-04-24,Leganes,Girona,1,1,D,0,0,D,7,8,1,3,16,18,4,5,4,2,1,0
2024-25,2025-04-24,Osasuna,Sevilla,1,0,H,1,0,H,9,12,2,3,14,13,4,4,4,2,0,1
2024-25,2025-04-24,Ath Madrid,Vallecano,3,0,H,2,0,H,10,12,5,5,8,15,6,3,0,2,0,0
2024-25,2025-04-24,Betis,Valladolid,5,1,H,1,1,D,16,10,6,5,7,7,4,4,1,0,0,0
2024-25,2025-04-27,Villarreal,Espanol,1,0,H,0,0,D,14,12,5,1,19,11,8,6,4,0,0,0
2024-25,2025-05-02,Vallecano,Getafe,1,0,H,1,0,H,13,12,8,1,12,13,7,3,3,2,0,1
2024-25,2025-05-03,Alaves,Ath Madrid,0,0,D,0,0,D,8,9,2,2,18,13,3,5,3,2,0,0
2024-25,2025-05-03,Villarreal,Osasuna,4,2,H,3,0,H,15,11,5,4,10,18,2,8,4,1,0,0
2024-25,2025-05-03,Las Palmas,Valencia,2,3,A,1,1,D,15,10,3,5,12,6,9,5,1,1,0,0
2024-25,2025-05-03,Valladolid,Barcelona,1,2,A,1,0,H,5,24,4,7,12,15,4,8,3,2,0,0
2024-25,2025-05-04,Real Madrid,Celta,3,2,H,2,0,H,17,14,6,7,5,11,4,6,2,1,0,0
2024-25,2025-05-04,Sevilla,Leganes,2,2,D,1,1,D,25,9,7,3,17,12,8,2,4,5,0,0
2024-25,2025-05-04,Espanol,Betis,1,2,A,1,0,H,11,20,5,10,16,10,3,7,2,0,0,0
2024-25,2025-05-04,Sociedad,Ath Bilbao,0,0,D,0,0,D,12,3,3,1,18,13,7,3,1,2,0,0
2024-25,2025-05-05,Girona,Mallorca,1,0,H,1,0,H,13,9,6,1,11,14,5,2,0,2,0,0
2024-25,2025-05-09,Las Palmas,Vallecano,0,1,A,0,0,D,11,16,2,5,8,9,8,8,2,3,0,0
2024-25,2025-05-10,Valencia,Getafe,3,0,H,3,0,H,10,10,6,3,17,20,2,6,3,5,0,0
2024-25,2025-05-10,Celta,Sevilla,3,2,H,1,1,D,8,19,4,10,11,16,3,6,0,2,1,0
2024-25,2025-05-10,Girona,Villarreal,0,1,A,0,0,D,7,14,0,5,13,10,5,3,2,3,0,0
2024-25,2025-05-10,Mallorca,Valladolid,2,1,H,1,1,D,12,16,4,7,16,12,5,10,2,1,0,0
2024-25,2025-05-10,Ath Madrid,Sociedad,4,0,H,4,0,H,13,6,7,1,7,12,3,3,0,1,0,0
2024-25,2025-05-11,Leganes,Espanol,3,2,H,2,0,H,13,12,5,6,14,18,3,8,2,2,0,0
2024-25,2025-05-11,Barcelona,Real Madrid,4,3,H,4,2,H,23,9,9,5,17,15,10,2,4,3,0,0
2024-25,2025-05-11,Ath Bilbao,Alaves,1,0,H,0,0,D,11,4,3,1,17,12,9,2,1,1,0,0
2024-25,2025-05-11,Betis,Osasuna,1,1,D,0,0,D,10,16,5,5,8,12,6,7,3,2,0,0
2024-25,2025-05-13,Valladolid,Girona,0,1,A,0,0,D,11,13,4,5,5,19,6,4,0,0,0,0
2024-25,2025-05-13,Sociedad,Celta,0,1,A,0,1,A,15,6,5,2,18,11,14,1,3,1,0,0
2024-25,2025-05-13,Sevilla,Las Palmas,1,0,H,0,0,D,10,14,3,3,22,15,4,2,6,6,0,0
2024-25,2025-05-14,Alaves,Valencia,1,0,H,0,0,D,11,10,5,3,16,10,9,4,4,3,0,0
2024-25,2025-05-14,Villarreal,Leganes,3,0,H,3,0,H,17,23,7,6,5,11,3,6,1,1,0,0
2024-25,2025-05-14,Real Madrid,Mallorca,2,1,H,0,1,A,39,4,13,2,6,15,26,0,0,3,0,0
2024-25,2025-05-15,Vallecano,Betis,2,2,D,2,0,H,20,10,6,3,8,18,10,7,1,3,0,0
2024-25,2025-05-15,Osasuna,Ath Madrid,2,0,H,1,0,H,9,9,3,5,12,11,3,5,1,1,0,0
2024-25,2025-05-15,Espanol,Barcelona,0,2,A,0,0,D,9,12,1,4,8,10,3,3,2,2,1,0
2024-25,2025-05-15,Getafe,Ath Bilbao,0,2,A,0,0,D,11,9,1,2,10,7,2,5,1,0,0,0
2024-25,2025-05-18,Ath Madrid,Betis,4,1,H,2,0,H,20,12,11,7,12,9,7,4,1,1,0,0
2024-25,2025-05-18,Barcelona,Villarreal,2,3,A,2,1,H,24,7,9,3,14,9,11,3,2,0,0,0
2024-25,2025-05-18,Celta,Vallecano,1,2,A,1,2,A,24,7,7,2,10,17,9,2,2,3,0,0
2024-25,2025-05-18,Las Palmas,Leganes,0,1,A,0,1,A,12,11,3,4,15,12,9,2,2,2,0,0
2024-25,2025-05-18,Mallorca,Getafe,1,2,A,0,0,D,7,10,1,4,14,9,3,4,2,2,0,0
2024-25,2025-05-18,Osasuna,Espanol,2,0,H,1,0,H,16,16,3,6,11,5,8,6,1,1,0,0
2024-25,2025-05-18,Sevilla,Real Madrid,0,2,A,0,0,D,6,16,1,6,7,9,1,7,0,1,2,0
2024-25,2025-05-18,Sociedad,Girona,3,2,H,2,1,H,15,9,9,5,10,9,9,2,1,3,0,0
2024-25,2025-05-18,Valencia,Ath Bilbao,0,1,A,0,0,D,6,10,2,4,10,16,5,3,3,1,0,0
2024-25,2025-05-18,Valladolid,Alaves,0,1,A,0,1,A,7,14,1,4,12,24,5,9,0,2,0,0
2024-25,2025-05-23,Betis,Valencia,1,1,D,1,0,H,14,9,4,2,8,12,3,2,1,2,0,0
2024-25,2025-05-24,Real Madrid,Sociedad,2,0,H,1,0,H,16,9,8,1,5,7,11,4,0,0,0,0
2024-25,2025-05-24,Espanol,Las Palmas,2,0,H,0,0,D,8,10,3,4,12,11,3,6,3,2,0,0
2024-25,2025-05-24,Leganes,Valladolid,3,0,H,3,0,H,16,6,6,2,11,16,3,4,0,1,0,0
2024-25,2025-05-24,Alaves,Osasuna,1,1,D,0,0,D,14,19,5,5,15,6,5,9,2,2,0,0
2024-25,2025-05-24,Getafe,Celta,1,2,A,1,1,D,6,15,1,8,13,10,2,6,3,4,1,0
2024-25,2025-05-24,Vallecano,Mallorca,0,0,D,0,0,D,27,9,8,2,9,14,11,2,2,2,0,0
2024-25,2025-05-25,Girona,Ath Madrid,0,4,A,0,0,D,2,19,1,11,13,11,1,8,0,1,0,0
2024-25,2025-05-25,Villarreal,Sevilla,4,2,H,3,1,H,12,17,7,6,8,14,3,5,0,1,0,0
2024-25,2025-05-25,Ath Bilbao,Barcelona,0,3,A,0,2,A,10,13,1,4,21,10,2,6,1,0,0,0
2025-26,2025-08-15,Girona,Vallecano,1,3,A,0,3,A,7,16,2,5,8,17,2,4,0,1,1,0
2025-26,2025-08-15,Villarreal,Oviedo,2,0,H,2,0,H,25,5,10,4,10,8,10,1,1,2,0,1
2025-26,2025-08-16,Mallorca,Barcelona,0,3,A,0,2,A,4,24,1,8,8,17,3,6,4,1,2,0
2025-26,2025-08-16,Alaves,Levante,2,1,H,1,0,H,15,7,4,3,15,13,10,1,0,1,0,0
2025-26,2025-08-16,Valencia,Sociedad,1,1,D,0,0,D,18,13,2,3,5,11,8,7,1,2,0,0
2025-26,2025-08-17,Celta,Getafe,0,2,A,0,0,D,11,10,3,3,15,17,9,3,3,2,0,0
2025-26,2025-08-17,Ath Bilbao,Sevilla,3,2,H,2,0,H,14,12,3,6,8,12,10,1,0,2,0,0
2025-26,2025-08-17,Espanol,Ath Madrid,2,1,H,0,1,A,10,15,5,4,14,11,1,3,3,3,0,0
2025-26,2025-08-18,Elche,Betis,1,1,D,0,1,A,6,12,2,4,14,13,1,3,0,1,0,0
2025-26,2025-08-19,Real Madrid,Osasuna,1,0,H,0,0,D,18,2,5,0,10,12,7,0,1,0,0,1
2025-26,2025-08-22,Betis,Alaves,1,0,H,1,0,H,16,11,5,5,10,17,5,2,2,3,0,0
2025-26,2025-08-23,Mallorca,Celta,1,1,D,0,1,A,12,8,4,2,12,12,3,4,3,3,0,0
2025-26,2025-08-23,Ath Madrid,Elche,1,1,D,1,1,D,13,6,6,2,14,7,10,2,0,3,0,0
2025-26,2025-08-23,Levante,Barcelona,2,3,A,2,0,H,8,26,5,10,10,8,0,11,3,1,0,0
2025-26,2025-08-24,Osasuna,Valencia,1,0,H,1,0,H,16,4,4,1,14,13,3,4,2,1,0,1
2025-26,2025-08-24,Sociedad,Espanol,2,2,D,0,2,A,15,14,7,3,16,18,5,2,2,2,0,0
2025-26,2025-08-24,Villarreal,Girona,5,0,H,4,0,H,19,5,7,2,8,9,8,1,1,2,0,0
2025-26,2025-08-24,Oviedo,Real Madrid,0,3,A,0,1,A,6,26,3,10,8,7,1,9,2,1,0,0
2025-26,2025-08-25,Ath Bilbao,Vallecano,1,0,H,0,0,D,11,6,4,1,13,13,3,6,0,4,0,0
2025-26,2025-08-25,Sevilla,Getafe,1,2,A,1,1,D,12,9,3,6,10,24,5,3,2,2,0,0
2025-26,2025-08-27,Celta,Betis,1,1,D,0,1,A,14,7,5,2,13,11,10,4,1,2,0,0
2025-26,2025-08-29,Elche,Levante,2,0,H,0,0,D,16,11,5,1,14,17,4,2,1,2,0,0
2025-26,2025-08-29,Valencia,Getafe,3,0,H,1,0,H,7,11,4,1,18,7,8,6,2,0,0,0
2025-26,2025-08-30,Alaves,Ath Madrid,1,1,D,1,1,D,5,15,2,6,10,17,1,6,2,3,0,0
2025-26,2025-08-30,Oviedo,Sociedad,1,0,H,1,0,H,8,18,1,6,7,18,1,10,2,1,0,0
2025-26,2025-08-30,Girona,Sevilla,0,2,A,0,1,A,20,13,5,4,5,14,11,3,0,2,0,0
2025-26,2025-08-30,Real Madrid,Mallorca,2,1,H,2,1,H,17,9,7,5,12,7,4,5,2,0,0,0
2025-26,2025-08-31,Celta,Villarreal,1,1,D,0,0,D,10,8,2,3,11,8,1,5,1,1,0,0
2025-26,2025-08-31,Betis,Ath Bilbao,1,2,A,0,0,D,9,15,2,6,9,16,4,10,1,4,0,1
2025-26,2025-08-31,Espanol,Osasuna,1,0,H,0,0,D,10,10,4,3,13,14,2,3,2,3,0,0
2025-26,2025-08-31,Vallecano,Barcelona,1,1,D,0,1,A,12,12,6,3,16,8,9,4,4,1,0,0
2025-26,2025-09-12,Sevilla,Elche,2,2,D,1,0,H,7,5,3,2,23,19,2,2,4,3,0,0
2025-26,2025-09-13,Getafe,Oviedo,2,0,H,2,0,H,10,5,3,1,12,18,4,3,2,5,0,1
2025-26,2025-09-13,Sociedad,Real Madrid,1,2,A,0,2,A,23,16,4,6,17,7,12,4,2,1,0,1
2025-26,2025-09-13,Ath Bilbao,Alaves,0,1,A,0,0,D,12,4,3,2,17,21,6,6,4,3,0,0
2025-26,2025-09-13,Ath Madrid,Villarreal,2,0,H,1,0,H,8,8,3,1,12,15,8,3,2,4,0,0
2025-26,2025-09-14,Celta,Girona,1,1,D,0,1,A,21,13,7,8,7,9,10,3,0,3,0,0
2025-26,2025-09-14,Levante,Betis,2,2,D,2,1,H,5,28,2,9,16,11,4,12,3,2,0,0
2025-26,2025-09-14,Osasuna,Vallecano,2,0,H,1,0,H,9,19,7,6,13,7,3,6,3,2,0,0
2025-26,2025-09-14,Barcelona,Valencia,6,0,H,1,0,H,24,2,10,1,9,8,5,4,0,1,0,0
2025-26,2025-09-15,Espanol,Mallorca,3,2,H,2,1,H,9,24,3,10,9,16,3,9,2,1,1,0
2025-26,2025-09-19,Betis,Sociedad,3,1,H,1,1,D,21,11,6,5,7,20,3,5,3,7,0,0
2025-26,2025-09-20,Girona,Levante,0,4,A,0,1,A,7,14,1,7,11,17,5,4,4,3,2,0
2025-26,2025-09-20,Real Madrid,Espanol,2,0,H,1,0,H,16,8,5,1,10,20,5,3,2,0,0,0
2025-26,2025-09-20,Alaves,Sevilla,1,2,A,1,1,D,8,9,5,3,20,19,4,4,1,7,0,0
2025-26,2025-09-20,Villarreal,Osasuna,2,1,H,0,1,A,26,6,8,3,10,11,7,0,2,3,0,1
2025-26,2025-09-20,Valencia,Ath Bilbao,2,0,H,0,0,D,13,11,5,5,13,6,5,6,1,1,0,1
2025-26,2025-09-21,Vallecano,Celta,1,1,D,0,0,D,15,9,5,5,8,10,5,7,1,1,0,0
2025-26,2025-09-21,Mallorca,Ath Madrid,1,1,D,0,0,D,8,12,3,7,14,6,3,6,0,0,0,1
2025-26,2025-09-21,Elche,Oviedo,1,0,H,1,0,H,15,12,5,4,9,18,3,3,2,2,0,0
2025-26,2025-09-21,Barcelona,Getafe,3,0,H,2,0,H,16,3,7,2,9,15,3,2,2,4,0,0
2025-26,2025-09-23,Ath Bilbao,Girona,1,1,D,0,1,A,17,6,5,3,19,15,8,1,0,2,0,0
2025-26,2025-09-23,Espanol,Valencia,2,2,D,0,1,A,21,5,10,2,9,9,8,3,1,4,0,0
2025-26,2025-09-23,Levante,Real Madrid,1,4,A,0,2,A,11,24,2,10,17,9,1,7,1,1,0,0
2025-26,2025-09-23,Sevilla,Villarreal,1,2,A,0,1,A,16,12,2,5,17,14,3,3,2,3,0,0
2025-26,2025-09-24,Getafe,Alaves,1,1,D,0,0,D,7,10,1,4,14,20,2,7,2,3,0,0
2025-26,2025-09-24,Ath Madrid,Vallecano,3,2,H,1,1,D,20,9,8,3,6,12,8,6,3,4,0,0
2025-26,2025-09-24,Sociedad,Mallorca,1,0,H,0,0,D,17,7,4,3,13,15,11,2,2,2,0,0
2025-26,2025-09-25,Osasuna,Elche,1,1,D,1,0,H,9,12,2,4,19,13,2,3,2,2,0,0
2025-26,2025-09-25,Oviedo,Barcelona,1,3,A,1,0,H,7,22,3,10,10,6,6,9,1,0,0,0
2025-26,2025-09-26,Girona,Espanol,0,0,D,0,0,D,12,20,3,5,9,11,8,4,0,1,0,0
2025-26,2025-09-27,Getafe,Levante,1,1,D,0,1,A,11,11,4,3,15,16,6,2,4,3,0,0
2025-26,2025-09-27,Ath Madrid,Real Madrid,5,2,H,2,2,D,13,6,7,2,17,14,7,2,5,4,0,0
2025-26,2025-09-27,Mallorca,Alaves,1,0,H,1,0,H,12,12,3,3,14,18,4,8,2,3,0,0
2025-26,2025-09-27,Villarreal,Ath Bilbao,1,0,H,0,0,D,14,16,5,4,13,11,6,5,2,0,0,0
2025-26,2025-09-28,Vallecano,Sevilla,0,1,A,0,0,D,18,4,6,1,12,15,12,4,3,2,1,0
2025-26,2025-09-28,Elche,Celta,2,1,H,1,1,D,17,8,8,2,12,20,7,2,3,3,0,0
2025-26,2025-09-28,Barcelona,Sociedad,2,1,H,1,1,D,22,7,12,2,6,12,12,1,1,2,0,0
2025-26,2025-09-28,Betis,Osasuna,2,0,H,2,0,H,12,12,6,1,6,7,5,5,0,1,0,0
2025-26,2025-09-30,Valencia,Oviedo,1,2,A,1,0,H,16,10,5,4,14,12,5,4,1,4,0,1
2025-26,2025-10-03,Osasuna,Getafe,2,1,H,1,1,D,7,6,3,2,11,14,1,6,1,4,0,0
2025-26,2025-10-04,Oviedo,Levante,0,2,A,0,1,A,13,14,2,5,10,10,9,3,2,2,0,0
2025-26,2025-10-04,Girona,Valencia,2,1,H,1,0,H,4,19,4,6,13,12,0,7,5,1,2,0
2025-26,2025-10-04,Ath Bilbao,Mallorca,2,1,H,1,0,H,18,7,5,2,16,13,7,2,5,6,0,1
2025-26,2025-10-04,Real Madrid,Villarreal,3,1,H,0,0,D,26,9,7,2,9,14,4,0,2,4,0,1
2025-26,2025-10-05,Alaves,Elche,3,1,H,0,0,D,25,6,5,3,13,9,14,4,3,1,0,1
2025-26,2025-10-05,Sevilla,Barcelona,4,1,H,2,1,H,13,17,5,8,18,9,7,6,7,5,0,0
2025-26,2025-10-05,Espanol,Betis,1,2,A,1,0,H,14,12,5,3,16,4,10,5,2,6,0,0
2025-26,2025-10-05,Sociedad,Vallecano,0,1,A,0,0,D,10,7,3,2,13,21,7,5,1,2,0,0
2025-26,2025-10-05,Celta,Ath Madrid,1,1,D,0,1,A,18,6,4,1,7,10,6,3,1,3,0,1
2025-26,2025-10-17,Oviedo,Espanol,0,2,A,0,0,D,13,19,4,10,9,8,3,5,2,1,0,0
2025-26,2025-10-18,Sevilla,Mallorca,1,3,A,1,0,H,13,7,4,6,16,13,9,2,2,1,0,0
2025-26,2025-10-18,Barcelona,Girona,2,1,H,1,1,D,27,11,9,4,10,7,11,5,1,2,0,0
2025-26,2025-10-18,Villarreal,Betis,2,2,D,1,0,H,7,16,3,3,13,10,5,6,1,1,0,0
2025-26,2025-10-18,Ath Madrid,Osasuna,1,0,H,0,0,D,18,9,9,2,10,11,4,2,1,3,0,0
2025-26,2025-10-19,Elche,Ath Bilbao,0,0,D,0,0,D,15,4,5,1,14,20,6,2,2,3,0,0
2025-26,2025-10-19,Celta,Sociedad,1,1,D,1,0,H,4,17,1,7,10,20,1,10,4,3,1,0
2025-26,2025-10-19,Levante,Vallecano,0,3,A,0,2,A,17,10,4,5,6,18,11,4,0,1,0,0
2025-26,2025-10-19,Getafe,Real Madrid,0,1,A,0,0,D,7,23,1,10,27,11,1,4,4,1,2,0
2025-26,2025-10-20,Alaves,Valencia,0,0,D,0,0,D,13,5,3,2,13,20,7,0,1,2,0,0
2025-26,2025-10-24,Sociedad,Sevilla,2,1,H,2,1,H,5,6,3,1,19,14,1,9,1,3,0,0
2025-26,2025-10-25,Girona,Oviedo,3,3,D,0,1,A,8,10,6,5,13,16,11,4,4,3,0,0
2025-26,2025-10-25,Espanol,Elche,1,0,H,0,0,D,16,13,7,4,14,15,4,2,4,2,0,0
2025-26,2025-10-25,Ath Bilbao,Getafe,0,1,A,0,0,D,7,8,4,3,15,14,1,5,1,3,0,0
2025-26,2025-10-25,Valencia,Villarreal,0,2,A,0,1,A,15,12,3,5,13,14,7,5,2,4,0,0
2025-26,2025-10-26,Mallorca,Levante,1,1,D,0,1,A,20,13,4,5,8,13,5,4,3,2,0,0
2025-26,2025-10-26,Real Madrid,Barcelona,2,1,H,2,1,H,23,15,10,6,12,9,12,4,5,5,1,1
2025-26,2025-10-26,Osasuna,Celta,2,3,A,2,1,H,17,11,7,5,10,13,6,2,3,4,0,0
2025-26,2025-10-26,Vallecano,Alaves,1,0,H,0,0,D,15,12,5,2,13,11,7,5,1,3,0,0
2025-26,2025-10-27,Betis,Ath Madrid,0,2,A,0,2,A,17,9,5,4,9,18,2,5,2,1,0,0
2025-26,2025-10-31,Getafe,Girona,2,1,H,0,0,D,12,8,4,4,17,15,8,3,1,1,0,0
2025-26,2025-11-01,Villarreal,Vallecano,4,0,H,1,0,H,16,13,7,3,7,11,3,5,1,1,0,0
2025-26,2025-11-01,Ath Madrid,Sevilla,3,0,H,0,0,D,15,10,6,2,9,12,9,4,0,3,0,0
2025-26,2025-11-01,Sociedad,Ath Bilbao,3,2,H,1,1,D,9,11,5,4,20,8,6,2,2,3,0,0
2025-26,2025-11-01,Real Madrid,Valencia,4,0,H,3,0,H,21,4,11,1,14,7,7,1,1,1,0,0
2025-26,2025-11-02,Levante,Celta,1,2,A,0,1,A,9,20,3,6,10,12,4,4,2,3,1,0
2025-26,2025-11-02,Alaves,Espanol,2,1,H,2,0,H,13,18,4,2,14,12,1,6,4,2,1,0
2025-26,2025-11-02,Barcelona,Elche,3,1,H,2,1,H,17,9,5,3,12,16,6,3,0,1,0,0
2025-26,2025-11-02,Betis,Mallorca,3,0,H,3,0,H,15,14,8,1,9,8,4,5,0,3,0,0
2025-26,2025-11-03,Oviedo,Osasuna,0,0,D,0,0,D,8,11,2,5,17,17,4,2,3,1,0,0
2025-26,2025-11-07,Elche,Sociedad,1,1,D,0,0,D,12,13,3,5,14,15,1,3,1,3,0,0
2025-26,2025-11-08,Girona,Alaves,1,0,H,1,0,H,10,14,2,5,9,15,6,1,0,3,0,0
2025-26,2025-11-08,Sevilla,Osasuna,1,0,H,0,0,D,10,9,4,3,21,13,5,6,5,3,0,0
2025-26,2025-11-08,Ath Madrid,Levante,3,1,H,1,1,D,25,6,10,3,5,6,21,4,3,1,0,0
2025-26,2025-11-08,Espanol,Villarreal,0,2,A,0,1,A,14,9,3,3,9,9,4,2,0,2,0,0
2025-26,2025-11-09,Ath Bilbao,Oviedo,1,0,H,1,0,H,21,5,7,2,12,8,7,4,1,1,0,0
2025-26,2025-11-09,Vallecano,Real Madrid,0,0,D,0,0,D,13,21,2,5,17,7,5,8,3,2,0,0
2025-26,2025-11-09,Mallorca,Getafe,1,0,H,1,0,H,6,14,4,3,15,8,1,14,0,2,0,0
2025-26,2025-11-09,Valencia,Betis,1,1,D,0,0,D,17,9,4,2,13,10,7,2,3,3,0,0
2025-26,2025-11-09,Celta,Barcelona,2,4,A,2,3,A,5,21,3,9,13,10,2,5,1,5,0,1
2025-26,2025-11-21,Valencia,Levante,1,0,H,0,0,D,14,8,3,1,16,15,7,0,4,3,0,0
2025-26,2025-11-22,Alaves,Celta,0,1,A,0,0,D,5,7,2,4,21,15,4,2,2,2,0,0
2025-26,2025-11-22,Barcelona,Ath Bilbao,4,0,H,2,0,H,19,13,7,2,9,9,5,7,0,2,0,1
2025-26,2025-11-22,Osasuna,Sociedad,1,3,A,1,0,H,14,19,4,9,13,7,3,3,3,2,1,0
2025-26,2025-11-22,Villarreal,Mallorca,2,1,H,1,1,D,14,9,7,3,17,8,3,1,2,2,0,0
2025-26,2025-11-23,Oviedo,Vallecano,0,0,D,0,0,D,8,11,3,3,11,13,5,6,1,2,1,1
2025-26,2025-11-23,Betis,Girona,1,1,D,0,1,A,23,11,7,4,10,16,8,0,3,4,1,0
2025-26,2025-11-23,Getafe,Ath Madrid,0,1,A,0,0,D,9,13,1,6,9,17,6,7,2,3,0,0
2025-26,2025-11-23,Elche,Real Madrid,2,2,D,0,0,D,15,20,6,7,10,8,2,8,4,0,1,0
2025-26,2025-11-24,Espanol,Sevilla,2,1,H,0,0,D,8,22,5,6,18,7,4,13,4,1,0,0
2025-26,2025-11-28,Getafe,Elche,1,0,H,0,0,D,15,9,6,4,18,11,3,5,2,2,0,0
2025-26,2025-11-29,Mallorca,Osasuna,2,2,D,0,0,D,7,14,4,2,10,15,2,8,3,4,0,0
2025-26,2025-11-29,Barcelona,Alaves,3,1,H,2,1,H,18,9,6,2,10,17,5,4,2,3,0,0
2025-26,2025-11-29,Levante,Ath Bilbao,0,2,A,0,2,A,11,14,4,4,11,19,4,2,3,2,0,0
2025-26,2025-11-29,Ath Madrid,Oviedo,2,0,H,2,0,H,14,12,8,1,5,8,7,2,0,1,0,0
2025-26,2025-11-30,Sociedad,Villarreal,2,3,A,0,1,A,18,10,7,5,15,18,8,2,3,7,0,0
2025-26,2025-11-30,Sevilla,Betis,0,2,A,0,0,D,9,9,3,4,14,22,6,4,2,3,1,0
2025-26,2025-11-30,Celta,Espanol,0,1,A,0,0,D,11,9,4,2,12,15,4,3,1,2,0,0
2025-26,2025-11-30,Girona,Real Madrid,1,1,D,1,0,H,10,25,4,4,9,13,2,5,3,0,0,0
2025-26,2025-12-01,Vallecano,Valencia,1,1,D,1,0,H,19,10,7,2,11,9,10,5,1,1,0,0
2025-26,2025-12-02,Barcelona,Ath Madrid,3,1,H,1,1,D,19,7,6,2,12,9,5,4,1,1,0,0
2025-26,2025-12-03,Ath Bilbao,Real Madrid,0,3,A,0,2,A,9,13,4,8,15,4,5,7,2,0,0,0
2025-26,2025-12-05,Oviedo,Mallorca,0,0,D,0,0,D,15,13,3,6,14,12,8,5,2,1,2,0
2025-26,2025-12-06,Villarreal,Getafe,2,0,H,1,0,H,10,6,5,0,19,15,5,3,2,4,0,1
2025-26,2025-12-06,Alaves,Sociedad,1,0,H,1,0,H,14,10,3,1,20,16,5,8,2,2,0,0
2025-26,2025-12-06,Betis,Barcelona,3,5,A,1,4,A,17,16,5,8,14,9,7,7,5,2,0,0
2025-26,2025-12-06,Ath Bilbao,Ath Madrid,1,0,H,0,0,D,14,7,3,3,9,12,5,6,3,2,0,0
2025-26,2025-12-07,Elche,Girona,3,0,H,1,0,H,11,8,6,4,18,13,2,2,0,3,0,0
2025-26,2025-12-07,Valencia,Sevilla,1,1,D,0,0,D,11,4,3,1,12,18,2,2,3,6,0,0
2025-26,2025-12-07,Espanol,Vallecano,1,0,H,1,0,H,9,6,2,2,19,22,6,2,4,8,1,1
2025-26,2025-12-07,Real Madrid,Celta,0,2,A,0,0,D,23,7,7,5,6,12,8,1,6,1,3,0
2025-26,2025-12-08,Osasuna,Levante,2,0,H,2,0,H,14,11,6,5,15,7,3,3,2,2,0,0
2025-26,2025-12-12,Sociedad,Girona,1,2,A,1,0,H,9,14,4,3,20,5,4,3,1,2,0,0
2025-26,2025-12-13,Ath Madrid,Valencia,2,1,H,1,0,H,10,13,6,2,13,11,5,7,3,1,0,0
2025-26,2025-12-13,Mallorca,Elche,3,1,H,1,1,D,15,9,8,0,13,13,1,1,3,0,0,0
2025-26,2025-12-13,Barcelona,Osasuna,2,0,H,0,0,D,24,3,7,2,5,8,14,1,0,3,0,0
2025-26,2025-12-13,Getafe,Espanol,0,1,A,0,0,D,11,6,1,4,18,17,6,4,5,1,0,0
2025-26,2025-12-14,Sevilla,Oviedo,4,0,H,2,0,H,13,5,7,1,11,12,5,3,1,2,0,1
2025-26,2025-12-14,Celta,Ath Bilbao,2,0,H,0,0,D,5,14,2,2,11,13,1,4,3,2,0,0
2025-26,2025-12-14,Alaves,Real Madrid,1,2,A,0,1,A,6,13,2,6,12,13,5,7,3,1,0,0
2025-26,2025-12-15,Vallecano,Betis,0,0,D,0,0,D,23,13,7,6,10,7,8,3,4,1,0,0
2025-26,2025-12-19,Valencia,Mallorca,1,1,D,0,1,A,17,4,2,2,10,12,12,3,2,3,0,0
2025-26,2025-12-20,Oviedo,Celta,0,0,D,0,0,D,10,6,3,2,14,7,4,3,2,1,0,0
2025-26,2025-12-20,Levante,Sociedad,1,1,D,0,1,A,13,18,3,6,16,13,7,10,6,2,0,0
2025-26,2025-12-20,Osasuna,Alaves,3,0,H,0,0,D,16,7,7,3,16,11,9,0,2,2,0,0
2025-26,2025-12-20,Real Madrid,Sevilla,2,0,H,1,0,H,18,14,8,5,13,19,6,5,2,5,0,1
2025-26,2025-12-21,Girona,Ath Madrid,0,3,A,0,2,A,9,14,2,6,7,14,3,4,2,0,0,0
2025-26,2025-12-21,Villarreal,Barcelona,0,2,A,0,1,A,14,19,5,5,10,8,5,10,1,1,1,0
2025-26,2025-12-21,Elche,Vallecano,4,0,H,1,0,H,18,18,6,8,15,11,4,5,2,3,0,0
2025-26,2025-12-21,Betis,Getafe,4,0,H,1,0,H,19,15,8,3,13,12,7,5,0,1,0,0
2025-26,2025-12-22,Ath Bilbao,Espanol,1,2,A,1,1,D,17,10,7,5,10,9,8,4,5,2,0,0
2025-26,2026-01-02,Vallecano,Getafe,1,1,D,1,0,H,13,12,4,4,13,10,3,2,3,4,0,0
2025-26,2026-01-03,Celta,Valencia,4,1,H,1,0,H,12,16,6,5,10,9,2,4,1,3,0,0
2025-26,2026-01-03,Osasuna,Ath Bilbao,1,1,D,1,0,H,11,16,4,6,12,19,1,9,3,3,0,0
2025-26,2026-01-03,Elche,Villarreal,1,3,A,1,2,A,15,12,2,4,8,11,6,2,3,3,0,0
2025-26,2026-01-03,Espanol,Barcelona,0,2,A,0,0,D,14,15,7,6,10,14,5,7,1,0,0,0
2025-26,2026-01-04,Sevilla,Levante,0,3,A,0,1,A,15,6,7,4,16,10,5,1,3,4,0,0
2025-26,2026-01-04,Real Madrid,Betis,5,1,H,1,0,H,19,13,9,5,10,12,5,8,1,1,0,0
2025-26,2026-01-04,Alaves,Oviedo,1,1,D,0,0,D,18,18,7,6,11,20,6,7,3,3,1,1
2025-26,2026-01-04,Mallorca,Girona,1,2,A,0,1,A,9,9,2,4,10,14,3,6,2,1,0,0
2025-26,2026-01-04,Sociedad,Ath Madrid,1,1,D,0,0,D,18,10,8,2,11,13,6,6,3,2,0,0
2025-26,2026-01-09,Getafe,Sociedad,1,2,A,0,1,A,6,12,3,5,17,17,2,4,2,1,0,0
2025-26,2026-01-10,Oviedo,Betis,1,1,D,0,0,D,13,15,3,6,15,8,5,2,3,1,0,0
2025-26,2026-01-10,Villarreal,Alaves,3,1,H,0,0,D,11,16,4,5,10,14,1,6,0,2,0,0
2025-26,2026-01-10,Girona,Osasuna,1,0,H,1,0,H,8,13,4,1,14,13,2,1,2,6,1,0
2025-26,2026-01-10,Valencia,Elche,1,1,D,0,0,D,16,5,4,1,14,14,8,6,2,3,0,0
2025-26,2026-01-11,Vallecano,Mallorca,2,1,H,2,1,H,14,9,5,2,14,14,6,5,1,5,1,0
2025-26,2026-01-11,Levante,Espanol,1,1,D,0,0,D,8,19,2,3,10,9,4,3,0,1,0,0
2025-26,2026-01-12,Sevilla,Celta,0,1,A,0,0,D,7,9,2,7,16,16,6,1,3,3,0,0
2025-26,2026-01-16,Espanol,Girona,0,2,A,0,1,A,14,7,2,4,17,17,5,4,5,5,0,0
2025-26,2026-01-17,Real Madrid,Levante,2,0,H,0,0,D,26,10,11,0,12,14,8,0,2,1,0,0
2025-26,2026-01-17,Mallorca,Ath Bilbao,3,2,H,2,2,D,18,21,9,11,10,10,3,7,1,5,0,2
2025-26,2026-01-17,Osasuna,Oviedo,3,2,H,1,1,D,16,13,5,5,14,15,3,6,1,4,1,0
2025-26,2026-01-17,Betis,Villarreal,2,0,H,0,0,D,15,9,6,3,14,13,2,3,3,2,0,1
2025-26,2026-01-18,Getafe,Valencia,0,1,A,0,0,D,14,7,3,1,8,18,9,3,2,3,0,1
2025-26,2026-01-18,Ath Madrid,Alaves,1,0,H,0,0,D,23,8,6,0,13,5,6,6,1,1,0,0
2025-26,2026-01-18,Celta,Vallecano,3,0,H,1,0,H,11,14,7,3,7,14,5,7,4,3,0,1
2025-26,2026-01-18,Sociedad,Barcelona,2,1,H,1,0,H,8,25,6,9,13,8,6,8,3,3,1,0
2025-26,2026-01-19,Elche,Sevilla,2,2,D,1,0,H,10,25,5,8,11,12,9,7,3,1,0,0
2025-26,2026-01-23,Levante,Elche,3,2,H,0,1,A,26,6,6,3,13,13,9,1,2,3,0,0
2025-26,2026-01-24,Vallecano,Osasuna,1,3,A,0,1,A,11,14,4,5,12,15,4,3,2,2,0,0
2025-26,2026-01-24,Valencia,Espanol,3,2,H,1,0,H,10,16,5,6,13,10,2,7,1,5,0,0
2025-26,2026-01-24,Sevilla,Ath Bilbao,2,1,H,1,1,D,10,15,7,3,16,12,5,5,2,1,0,0
2025-26,2026-01-24,Villarreal,Real Madrid,0,2,A,0,0,D,8,14,1,4,19,10,6,6,3,1,0,0
2025-26,2026-01-25,Ath Madrid,Mallorca,3,0,H,1,0,H,17,6,8,1,10,7,10,3,2,1,0,0
2025-26,2026-01-25,Barcelona,Oviedo,3,0,H,0,0,D,15,12,7,3,8,21,10,1,1,2,0,0
2025-26,2026-01-25,Sociedad,Celta,3,1,H,1,0,H,10,17,4,4,7,13,2,9,1,1,1,0
2025-26,2026-01-25,Alaves,Betis,2,1,H,1,0,H,17,18,9,4,17,11,6,4,1,1,0,0
2025-26,2026-01-26,Girona,Getafe,1,1,D,0,0,D,12,8,4,2,13,15,3,4,5,3,0,0
2025-26,2026-01-30,Espanol,Alaves,1,2,A,1,1,D,10,11,3,7,15,15,4,2,0,1,0,0
2025-26,2026-01-31,Oviedo,Girona,1,0,H,0,0,D,8,9,4,1,12,16,4,4,1,1,0,0
2025-26,2026-01-31,Osasuna,Villarreal,2,2,D,2,1,H,15,5,5,4,15,7,6,2,2,2,0,0
2025-26,2026-01-31,Levante,Ath Madrid,0,0,D,0,0,D,10,10,2,4,11,12,4,7,2,1,0,0
2025-26,2026-01-31,Elche,Barcelona,1,3,A,1,2,A,9,30,3,8,15,9,2,8,2,1,0,0
2025-26,2026-02-01,Real Madrid,Vallecano,2,1,H,1,0,H,16,11,6,4,6,18,9,4,2,8,0,2
2025-26,2026-02-01,Betis,Valencia,2,1,H,1,1,D,14,15,2,4,15,13,3,5,0,4,0,0
2025-26,2026-02-01,Getafe,Celta,0,0,D,0,0,D,9,5,2,1,16,14,5,3,1,2,0,0
2025-26,2026-02-01,Ath Bilbao,Sociedad,1,1,D,0,1,A,19,9,4,6,14,14,6,3,4,2,0,1
2025-26,2026-02-02,Mallorca,Sevilla,4,1,H,1,1,D,11,15,7,5,16,8,4,8,1,1,0,0
2025-26,2026-02-06,Celta,Osasuna,1,2,A,0,1,A,18,8,4,2,9,14,7,3,2,2,0,0
2025-26,2026-02-07,Barcelona,Mallorca,3,0,H,1,0,H,24,9,7,4,7,9,12,3,0,0,0,0
2025-26,2026-02-07,Sociedad,Elche,3,1,H,2,1,H,11,11,3,5,14,8,2,4,0,4,0,0
2025-26,2026-02-08,Alaves,Getafe,0,2,A,0,0,D,13,17,5,5,20,20,6,3,2,5,0,0
2025-26,2026-02-08,Ath Bilbao,Levante,4,2,H,2,0,H,22,6,7,3,17,10,4,3,2,1,0,1
2025-26,2026-02-08,Sevilla,Girona,1,1,D,0,1,A,11,15,3,6,16,13,5,7,3,3,0,0
2025-26,2026-02-08,Ath Madrid,Betis,0,1,A,0,1,A,10,8,5,4,12,3,7,3,3,1,0,0
2025-26,2026-02-08,Valencia,Real Madrid,0,2,A,0,0,D,7,11,0,6,10,13,5,8,1,1,0,0
2025-26,2026-02-09,Villarreal,Espanol,4,1,H,2,0,H,10,9,3,2,18,11,5,8,3,3,0,0
2025-26,2026-02-13,Elche,Osasuna,0,0,D,0,0,D,17,6,5,2,13,18,10,3,2,4,0,0
2025-26,2026-02-14,Espanol,Celta,2,2,D,0,1,A,9,14,3,5,9,11,2,2,1,0,0,0
2025-26,2026-02-14,Getafe,Villarreal,2,1,H,1,0,H,5,8,2,2,21,17,3,4,2,3,0,0
2025-26,2026-02-14,Sevilla,Alaves,1,1,D,1,0,H,4,12,2,1,16,13,0,3,5,0,2,0
2025-26,2026-02-14,Real Madrid,Sociedad,4,1,H,3,1,H,11,13,5,3,10,9,4,6,1,1,0,0
2025-26,2026-02-15,Oviedo,Ath Bilbao,1,2,A,1,0,H,7,13,1,4,8,20,2,3,2,3,0,0
2025-26,2026-02-15,Vallecano,Ath Madrid,3,0,H,2,0,H,13,9,9,3,10,13,4,8,1,3,0,0
2025-26,2026-02-15,Levante,Valencia,0,2,A,0,0,D,9,5,1,2,11,10,3,2,3,2,1,0
2025-26,2026-02-15,Mallorca,Betis,1,2,A,0,2,A,14,17,3,8,16,10,7,3,4,3,0,0
2025-26,2026-02-16,Girona,Barcelona,2,1,H,0,0,D,13,27,9,4,10,6,3,7,1,2,1,0
2025-26,2026-02-18,Levante,Villarreal,0,1,A,0,0,D,16,15,4,6,13,20,3,2,3,4,0,0
2025-26,2026-02-20,Ath Bilbao,Elche,2,1,H,0,0,D,18,2,8,2,18,9,4,1,3,3,0,0
2025-26,2026-02-21,Sociedad,Oviedo,3,3,D,0,0,D,15,14,8,6,13,16,7,6,2,1,0,0
2025-26,2026-02-21,Betis,Vallecano,1,1,D,1,1,D,14,12,3,3,14,13,3,5,4,3,0,0
2025-26,2026-02-21,Osasuna,Real Madrid,2,1,H,1,0,H,13,15,2,5,19,10,3,7,2,4,0,0
2025-26,2026-02-21,Ath Madrid,Espanol,4,2,H,1,1,D,18,8,9,2,8,10,5,3,0,1,0,0
2025-26,2026-02-22,Getafe,Sevilla,0,1,A,0,0,D,6,6,3,1,5,18,2,2,1,1,1,0
2025-26,2026-02-22,Barcelona,Levante,3,0,H,2,0,H,22,5,9,2,12,10,13,6,2,1,0,0
2025-26,2026-02-22,Celta,Mallorca,2,0,H,0,0,D,20,1,7,0,11,10,7,2,1,5,0,0
2025-26,2026-02-22,Villarreal,Valencia,2,1,H,2,1,H,12,8,5,3,7,16,5,4,2,4,0,0
2025-26,2026-02-23,Alaves,Girona,2,2,D,1,1,D,17,10,6,5,18,6,7,6,2,2,0,0
2025-26,2026-02-27,Levante,Alaves,2,0,H,0,0,D,22,17,5,7,14,16,10,6,1,6,0,1
2025-26,2026-02-28,Vallecano,Ath Bilbao,1,1,D,1,0,H,15,8,7,2,8,17,5,4,2,3,0,0
2025-26,2026-02-28,Barcelona,Villarreal,4,1,H,2,0,H,19,6,8,1,11,9,3,2,2,1,0,0
2025-26,2026-02-28,Mallorca,Sociedad,0,1,A,0,1,A,6,12,1,2,6,22,3,7,0,2,0,0
2025-26,2026-02-28,Oviedo,Ath Madrid,0,1,A,0,0,D,16,12,6,1,12,6,8,3,2,2,0,0
2025-26,2026-03-01,Elche,Espanol,2,2,D,1,1,D,17,9,9,4,14,23,3,1,1,6,0,1
2025-26,2026-03-01,Valencia,Osasuna,1,0,H,0,0,D,14,8,1,0,14,13,5,4,3,3,0,0
2025-26,2026-03-01,Betis,Sevilla,2,2,D,2,0,H,9,14,2,6,12,15,4,3,3,3,0,0
2025-26,2026-03-01,Girona,Celta,1,2,A,1,0,H,15,7,7,5,9,8,10,6,2,2,0,0
2025-26,2026-03-02,Real Madrid,Getafe,0,1,A,0,1,A,18,9,7,3,11,17,10,2,4,6,1,1
2025-26,2026-03-04,Vallecano,Oviedo,3,0,H,1,0,H,19,8,7,2,10,10,12,2,0,2,0,0
2025-26,2026-03-06,Celta,Real Madrid,1,2,A,1,1,D,8,14,4,3,4,12,1,6,1,2,0,0
2025-26,2026-03-07,Osasuna,Mallorca,2,2,D,0,1,A,22,8,5,4,11,12,8,0,2,5,1,1
2025-26,2026-03-07,Levante,Girona,1,1,D,0,0,D,14,22,4,5,15,9,2,3,2,2,1,0
2025-26,2026-03-07,Ath Madrid,Sociedad,3,2,H,1,1,D,24,7,9,3,6,10,8,1,1,1,0,0
2025-26,2026-03-07,Ath Bilbao,Barcelona,0,1,A,0,0,D,10,7,3,2,11,9,2,4,2,1,0,0
2025-26,2026-03-08,Villarreal,Elche,2,1,H,2,0,H,16,13,7,6,11,16,4,6,1,2,0,0
2025-26,2026-03-08,Getafe,Betis,2,0,H,2,0,H,9,14,5,5,19,8,3,8,3,2,0,0
2025-26,2026-03-08,Sevilla,Vallecano,1,1,D,1,0,H,11,9,2,2,13,15,6,2,1,3,0,0
2025-26,2026-03-08,Valencia,Alaves,3,2,H,0,1,A,19,10,8,4,9,17,10,2,1,6,0,2
2025-26,2026-03-09,Espanol,Oviedo,1,1,D,1,1,D,28,6,9,3,19,13,8,0,3,2,0,0
2025-26,2026-03-13,Alaves,Villarreal,1,1,D,1,0,H,8,10,0,4,19,11,5,2,4,1,0,0
2025-26,2026-03-14,Girona,Ath Bilbao,3,0,H,1,0,H,14,20,6,9,8,16,2,9,0,2,0,0
2025-26,2026-03-14,Ath Madrid,Getafe,1,0,H,1,0,H,16,7,5,3,11,11,10,3,3,3,0,1
2025-26,2026-03-14,Oviedo,Valencia,1,0,H,1,0,H,11,13,6,2,12,11,4,7,3,2,0,0
2025-26,2026-03-14,Real Madrid,Elche,4,1,H,2,0,H,14,11,6,1,11,21,5,4,1,3,0,0
2025-26,2026-03-15,Mallorca,Espanol,2,1,H,0,1,A,26,10,12,2,11,14,5,6,3,3,0,1
2025-26,2026-03-15,Barcelona,Sevilla,5,2,H,3,1,H,13,8,8,4,5,14,3,4,0,1,0,0
2025-26,2026-03-15,Betis,Celta,1,1,D,0,1,A,19,7,6,3,11,16,3,4,2,3,0,0
2025-26,2026-03-15,Sociedad,Osasuna,3,1,H,2,0,H,14,13,6,5,16,11,3,5,3,0,0,0
2025-26,2026-03-16,Vallecano,Levante,1,1,D,0,1,A,18,19,4,5,10,13,5,6,3,5,1,0
2025-26,2026-03-20,Villarreal,Sociedad,3,1,H,3,0,H,21,11,10,4,10,11,4,5,0,2,0,0
2025-26,2026-03-21,Elche,Mallorca,2,1,H,0,0,D,13,11,4,4,12,11,2,2,2,2,0,0
2025-26,2026-03-21,Espanol,Getafe,1,2,A,0,2,A,15,10,5,5,14,20,12,9,2,7,0,0
2025-26,2026-03-21,Levante,Oviedo,4,2,H,2,2,D,20,10,8,2,17,18,3,1,2,3,0,0
2025-26,2026-03-21,Osasuna,Girona,1,0,H,0,0,D,19,5,11,0,18,7,6,2,2,1,0,0
2025-26,2026-03-21,Sevilla,Valencia,0,2,A,0,2,A,13,9,2,4,13,6,1,3,2,1,0,0
2025-26,2026-03-22,Barcelona,Vallecano,1,0,H,1,0,H,15,8,4,4,12,11,6,9,3,4,0,0
2025-26,2026-03-22,Celta,Alaves,3,4,A,3,1,H,12,14,5,6,13,16,4,1,2,2,0,0
2025-26,2026-03-22,Ath Bilbao,Betis,2,1,H,2,0,H,11,11,6,3,10,6,6,5,1,1,0,0
2025-26,2026-03-22,Real Madrid,Ath Madrid,3,2,H,0,1,A,17,13,10,7,2,15,4,1,1,4,1,0
2025-26,2026-04-03,Vallecano,Elche,1,0,H,0,0,D,21,9,5,4,17,9,9,4,0,4,0,1
2025-26,2026-04-04,Sociedad,Levante,2,0,H,1,0,H,18,8,5,4,11,15,11,5,2,3,0,0
2025-26,2026-04-04,Mallorca,Real Madrid,2,1,H,1,0,H,6,15,2,6,16,13,6,4,3,2,0,0
2025-26,2026-04-04,Betis,Espanol,0,0,D,0,0,D,19,8,6,1,12,18,4,3,1,3,0,0
2025-26,2026-04-04,Ath Madrid,Barcelona,1,2,A,1,1,D,6,22,2,8,15,11,1,9,6,2,1,0
2025-26,2026-04-05,Getafe,Ath Bilbao,2,0,H,1,0,H,10,5,6,0,11,11,4,3,3,1,0,0
2025-26,2026-04-05,Valencia,Celta,2,3,A,1,0,H,13,9,4,5,14,21,6,0,1,3,0,0
2025-26,2026-04-05,Oviedo,Sevilla,1,0,H,1,0,H,7,9,4,0,11,12,5,9,5,3,0,1
2025-26,2026-04-05,Alaves,Osasuna,2,2,D,1,1,D,18,8,6,5,7,17,7,1,2,5,0,0
2025-26,2026-04-06,Girona,Villarreal,1,0,H,1,0,H,10,9,2,0,8,9,7,4,2,2,0,0
2025-26,2026-04-10,Real Madrid,Girona,1,1,D,0,0,D,22,10,9,2,9,13,10,1,2,1,0,0
2025-26,2026-04-11,Sociedad,Alaves,3,3,D,2,2,D,12,12,4,2,11,18,9,5,2,4,1,0
2025-26,2026-04-11,Elche,Valencia,1,0,H,0,0,D,8,22,2,8,15,18,5,9,1,1,0,0
2025-26,2026-04-11,Barcelona,Espanol,4,1,H,2,0,H,20,10,10,2,10,18,7,5,3,6,0,0
2025-26,2026-04-11,Sevilla,Ath Madrid,2,1,H,2,1,H,11,13,2,2,7,12,6,6,4,4,0,0
2025-26,2026-04-12,Osasuna,Betis,1,1,D,1,1,D,12,8,4,3,14,12,6,3,3,4,0,0
2025-26,2026-04-12,Mallorca,Vallecano,3,0,H,2,0,H,12,17,4,3,13,11,6,7,1,4,0,0
2025-26,2026-04-12,Celta,Oviedo,0,3,A,0,2,A,9,8,6,5,9,13,4,1,1,2,0,0
2025-26,2026-04-12,Ath Bilbao,Villarreal,1,2,A,0,2,A,18,12,6,6,15,8,15,3,2,3,0,0
2025-26,2026-04-13,Levante,Getafe,1,0,H,0,0,D,22,5,4,1,12,24,8,2,2,7,0,1
2025-26,2026-04-21,Ath Bilbao,Osasuna,1,0,H,1,0,H,7,8,2,3,12,11,5,4,3,2,1,0
2025-26,2026-04-21,Mallorca,Valencia,1,1,D,0,0,D,20,10,8,3,9,12,7,4,0,2,0,0
2025-26,2026-04-21,Girona,Betis,2,3,A,1,1,D,9,7,2,3,11,18,3,1,1,3,0,0
2025-26,2026-04-21,Real Madrid,Alaves,2,1,H,1,0,H,24,19,8,5,14,12,9,6,1,1,0,0
2025-26,2026-04-22,Elche,Ath Madrid,3,2,H,2,2,D,14,6,6,3,11,12,13,3,2,2,0,1
2025-26,2026-04-22,Sociedad,Getafe,0,1,A,0,1,A,13,5,4,0,13,22,6,3,4,5,0,0
2025-26,2026-04-22,Barcelona,Celta,1,0,H,1,0,H,10,6,3,3,13,10,5,3,1,1,0,0
2025-26,2026-04-23,Levante,Sevilla,2,0,H,1,0,H,8,7,3,0,17,16,3,6,3,4,0,0
2025-26,2026-04-23,Vallecano,Espanol,1,0,H,0,0,D,17,15,6,4,12,15,6,5,2,4,0,0
2025-26,2026-04-23,Oviedo,Villarreal,1,1,D,0,1,A,16,7,4,3,9,11,7,0,1,1,0,0
2025-26,2026-04-24,Betis,Real Madrid,1,1,D,0,1,A,19,12,4,8,10,8,7,6,1,2,0,0
2025-26,2026-04-25,Alaves,Mallorca,2,1,H,0,1,A,15,4,4,2,15,14,9,4,2,1,0,0
2025-26,2026-04-25,Getafe,Barcelona,0,2,A,0,1,A,4,13,0,4,15,8,6,3,2,2,0,0
2025-26,2026-04-25,Valencia,Girona,2,1,H,0,0,D,12,7,3,4,22,8,4,4,2,2,0,0
2025-26,2026-04-25,Ath Madrid,Ath Bilbao,3,2,H,0,1,A,6,12,4,4,8,12,3,4,0,0,0,0
2025-26,2026-04-26,Vallecano,Sociedad,3,3,D,1,1,D,24,13,9,8,14,12,6,4,6,4,1,0
2025-26,2026-04-26,Oviedo,Elche,1,2,A,0,2,A,12,4,3,4,21,14,6,1,2,0,0,1
2025-26,2026-04-26,Osasuna,Sevilla,2,1,H,0,0,D,15,8,7,2,11,13,4,4,2,2,0,0
2025-26,2026-04-26,Villarreal,Celta,2,1,H,2,0,H,13,9,4,3,13,16,7,5,3,6,0,0
2025-26,2026-04-27,Espanol,Levante,0,0,D,0,0,D,9,8,3,4,12,15,4,4,3,3,1,0
2025-26,2026-05-01,Girona,Mallorca,0,1,A,0,1,A,14,8,4,4,8,25,5,2,4,2,0,0
2025-26,2026-05-02,Villarreal,Levante,5,1,H,1,0,H,20,12,8,3,14,7,7,3,3,1,0,0
2025-26,2026-05-02,Valencia,Ath Madrid,0,2,A,0,0,D,12,20,0,5,9,12,1,7,1,3,0,0
2025-26,2026-05-02,Alaves,Ath Bilbao,2,4,A,1,0,H,7,9,4,4,8,13,4,7,4,4,0,0
2025-26,2026-05-02,Osasuna,Barcelona,1,2,A,0,0,D,9,13,4,4,9,10,3,7,2,2,0,0
2025-26,2026-05-03,Celta,Elche,3,1,H,2,0,H,6,15,4,4,14,15,4,2,2,1,0,0
2025-26,2026-05-03,Getafe,Vallecano,0,2,A,0,1,A,13,10,3,6,7,22,4,1,3,5,0,0
2025-26,2026-05-03,Betis,Oviedo,3,0,H,2,0,H,10,17,5,5,9,4,5,4,0,0,0,0
2025-26,2026-05-03,Espanol,Real Madrid,0,2,A,0,0,D,17,15,3,5,19,16,5,6,3,4,0,0
2025-26,2026-05-04,Sevilla,Sociedad,1,0,H,0,0,D,19,6,5,0,19,11,3,3,3,1,0,0
2025-26,2026-05-08,Levante,Osasuna,3,2,H,2,2,D,35,5,12,3,11,13,15,1,2,0,0,1
2025-26,2026-05-09,Elche,Alaves,1,1,D,0,0,D,16,12,5,4,15,13,7,3,3,6,0,0
2025-26,2026-05-09,Sevilla,Espanol,2,1,H,0,0,D,21,10,6,5,14,17,4,6,5,5,0,0
2025-26,2026-05-09,Ath Madrid,Celta,0,1,A,0,0,D,20,3,4,1,11,13,10,0,1,2,0,0
2025-26,2026-05-09,Sociedad,Betis,2,2,D,0,1,A,14,14,6,6,12,9,4,3,2,3,0,1
2025-26,2026-05-10,Mallorca,Villarreal,1,1,D,1,1,D,18,7,8,2,17,13,5,4,2,0,0,0
2025-26,2026-05-10,Ath Bilbao,Valencia,0,1,A,0,0,D,14,7,4,3,9,7,13,5,2,3,0,0
2025-26,2026-05-10,Oviedo,Getafe,0,0,D,0,0,D,8,22,4,4,9,16,1,9,2,3,2,0
2025-26,2026-05-10,Barcelona,Real Madrid,2,0,H,2,0,H,10,8,7,1,18,9,4,8,2,4,0,0
2025-26,2026-05-11,Vallecano,Girona,1,1,D,0,0,D,18,9,5,5,10,9,9,5,1,1,0,0
2025-26,2026-05-12,Celta,Levante,2,3,A,1,1,D,11,14,6,6,7,10,4,4,0,2,0,0
2025-26,2026-05-12,Betis,Elche,2,1,H,1,1,D,16,8,7,2,16,13,8,1,3,3,0,1
2025-26,2026-05-12,Osasuna,Ath Madrid,1,2,A,0,1,A,23,5,5,4,15,12,8,4,6,5,0,1
2025-26,2026-05-13,Espanol,Ath Bilbao,2,0,H,0,0,D,12,11,5,4,9,14,8,9,0,0,0,0
2025-26,2026-05-13,Villarreal,Sevilla,2,3,A,2,2,D,6,13,4,5,11,9,6,4,2,1,0,0
2025-26,2026-05-13,Alaves,Barcelona,1,0,H,1,0,H,9,8,3,0,14,8,6,4,1,2,0,0
2025-26,2026-05-13,Getafe,Mallorca,3,1,H,2,0,H,6,9,4,2,17,18,3,3,3,4,0,0
2025-26,2026-05-14,Valencia,Vallecano,1,1,D,1,1,D,12,6,3,3,9,20,5,1,1,1,0,0
2025-26,2026-05-14,Girona,Sociedad,1,1,D,0,1,A,29,6,4,2,13,19,6,3,2,7,0,0
2025-26,2026-05-14,Real Madrid,Oviedo,2,0,H,1,0,H,19,9,7,1,7,14,4,5,0,0,0,0
2025-26,2026-05-17,Ath Bilbao,Celta,1,1,D,0,1,A,27,3,9,2,14,11,5,0,2,2,0,0
2025-26,2026-05-17,Ath Madrid,Girona,1,0,H,1,0,H,17,25,4,11,7,9,9,8,2,0,0,0
2025-26,2026-05-17,Elche,Getafe,1,0,H,1,0,H,10,4,3,0,18,13,4,0,3,1,0,1
2025-26,2026-05-17,Levante,Mallorca,2,0,H,1,0,H,15,8,3,3,11,15,4,6,2,0,1,1
2025-26,2026-05-17,Osasuna,Espanol,1,2,A,0,1,A,24,7,8,3,10,13,9,2,1,2,0,0
2025-26,2026-05-17,Oviedo,Alaves,0,1,A,0,1,A,8,7,0,1,13,18,5,2,3,1,0,0
2025-26,2026-05-17,Sevilla,Real Madrid,0,1,A,0,1,A,14,12,6,1,18,12,4,4,4,0,0,0
2025-26,2026-05-17,Sociedad,Valencia,3,4,A,1,2,A,8,13,3,6,13,11,3,2,4,0,0,1
2025-26,2026-05-17,Vallecano,Villarreal,2,0,H,1,0,H,15,11,7,2,12,10,1,9,2,1,0,0
2025-26,2026-05-17,Barcelona,Betis,3,1,H,1,0,H,15,7,9,2,7,8,6,4,1,0,0,0
2025-26,2026-05-23,Alaves,Vallecano,1,2,A,1,0,H,19,15,11,7,13,14,10,5,3,3,0,0
2025-26,2026-05-23,Betis,Levante,2,1,H,1,1,D,18,15,8,7,11,7,4,8,1,2,0,0
2025-26,2026-05-23,Celta,Sevilla,1,0,H,0,0,D,12,9,3,2,11,20,4,3,1,1,0,0
2025-26,2026-05-23,Espanol,Sociedad,1,1,D,0,1,A,17,9,8,4,11,17,3,5,1,3,0,0
2025-26,2026-05-23,Getafe,Osasuna,1,0,H,0,0,D,6,11,3,5,17,20,2,4,1,2,0,0
2025-26,2026-05-23,Girona,Elche,1,1,D,0,1,A,10,3,7,1,20,20,2,1,4,4,0,0
2025-26,2026-05-23,Mallorca,Oviedo,3,0,H,1,0,H,23,7,7,0,10,8,5,5,2,1,0,0
2025-26,2026-05-23,Real Madrid,Ath Bilbao,4,2,H,2,1,H,13,8,8,2,6,20,2,1,2,0,0,0
2025-26,2026-05-23,Valencia,Barcelona,3,1,H,0,0,D,19,11,6,4,11,8,7,8,2,2,0,0
2025-26,2026-05-24,Villarreal,Ath Madrid,5,1,H,4,1,H,14,9,8,4,3,12,5,9,0,1,0,0
